customer_id,home_city,age_bracket,signup_date
C000001,Abuja,25-34,2024-09-11
C000002,Lagos,25-34,2026-02-06
C000003,Enugu,35-44,2026-03-27
C000004,Lagos,25-34,2023-12-06
C000005,Enugu,25-34,2025-05-07
C000006,Uyo,18-24,2023-10-14
C000007,Abuja,25-34,2024-07-22
C000008,Lagos,18-24,2023-09-07
C000009,Lagos,25-34,2025-12-20
C000010,Enugu,45-54,2024-03-05
C000011,Lagos,18-24,2024-04-28
C000012,Abuja,35-44,2024-05-23
C000013,Ibadan,35-44,2026-02-08
C000014,Lagos,25-34,2023-10-04
C000015,LAGOS,18-24,2024-02-20
C000016,Port Harcourt,55+,2024-05-07
C000017,Abuja,25-34,2024-07-18
C000018,Lagos,25-34,2025-05-28
C000019,Lagos,35-44,2024-04-21
C000020,Lagos,25-34,
C000021,Abuja,55+,2023-10-08
C000022,Lagos,35-44,2025-04-22
C000023,Abuja,25-34,2026-06-19
C000024,Lagos,25-34,2024-05-24
C000025,Lagos,45-54,2023-10-19
C000026,Abuja,18-24,2026-06-07
C000027,Lagos,25-34,2026-03-07
C000028,Abuja,45-54,2026-01-18
C000029,Lagos,18-24,2023-12-11
C000030,Owerri,25-34,2024-11-12
C000031,Lagos,55+,2025-02-14
C000032,Lagos,25-34,2025-06-12
C000033,Port Harcourt,45-54,2024-07-22
C000034,Kano,55+,2024-05-12
C000035,Lagos,25-34,2026-06-07
C000036,Lagos,45-54,2025-04-25
C000037,Abuja,18-24,2024-08-23
C000038,Lagos,25-34,2023-12-22
C000039,Lagos,18-24,2025-05-17
C000040,Lagos,35-44,2025-12-10
C000041,Enugu,25-34,2025-11-30
C000042,Lagos,35-44,2025-12-16
C000043,Port Harcourt,35-44,2024-10-17
C000044,Enugu,25-34,2023-11-10
C000045,Lagos,18-24,2024-05-01
C000046,Ibadan,18-24,2025-07-24
C000047,Port Harcourt,25-34,2025-04-11
C000048,Abuja,55+,2025-01-04
C000049,Lagos,35-44,2024-04-07
C000050,Kano,25-34,2024-12-25
C000051,Kano,25-34,2025-02-06
C000052,Lagos,35-44,2025-08-01
C000053,Lagos,45-54,2025-06-18
C000054,Abuja,55+,2025-03-30
C000055,Benin City,55+,2023-10-03
C000056,Kano,55+,2024-11-29
C000057,Lagos,25-34,2024-01-09
C000058,Abuja,25-34,2024-07-07
C000059,Lagos,18-24,2024-04-20
C000060,Lagos,18-24,2025-11-01
C000061,Lagos,25-34,2024-04-11
C000062,Lagos,25-34,2024-11-10
C000063,Lagos,25-34,2024-05-01
C000064,Port Harcourt,35-44,2025-10-15
C000065,Abuja,25-34,2026-02-17
C000066,Uyo,45-54,2025-12-19
C000067,Port Harcourt,25-34,2025-03-28
C000068,LAGOS,25-34,2024-10-02
C000069,Abuja,25-34,2025-12-03
C000070,Lagos,25-34,2023-10-23
C000071,Lagos,25-34,2024-10-15
C000072,Kano,18-24,2026-01-05
C000073,Lagos,25-34,2025-06-15
C000074,Abuja,25-34,2025-07-23
C000075,Kano,25-34,2024-02-18
C000076,Abuja,35-44,2025-01-13
C000077,Abuja,25-34,2023-11-14
C000078,Lagos,55+,2024-04-04
C000079,Lagos,35-44,2024-10-15
C000080,Enugu,18-24,2023-10-26
C000081,Ibadan,18-24,2025-01-22
C000082,Kano,25-34,2024-03-15
C000083,Ibadan,25-34,2024-03-04
C000084,Abuja,18-24,2024-02-17
C000085,Lagos,45-54,2025-04-17
C000086,Benin City,45-54,2024-03-08
C000087,Lagos,25-34,2025-06-28
C000088,Abuja,35-44,2023-09-08
C000089,Port Harcourt,18-24,2023-12-16
C000090,Enugu,35-44,2024-02-08
C000091,Enugu,55+,2024-07-14
C000092,Lagos,45-54,2024-02-11
C000093,Lagos,45-54,2024-05-02
C000094,Abuja,45-54,2023-12-27
C000095,Benin City,45-54,2023-10-26
C000096,Lagos,35-44,2024-09-03
C000097,Abuja,35-44,2023-11-02
C000098,Lagos,35-44,2024-08-08
C000099,Ibadan,18-24,2025-11-28
C000100,Abuja,35-44,2023-10-21
C000101,Port Harcourt,35-44,2024-02-09
C000102,Lagos,35-44,2026-05-08
C000103,Port Harcourt,18-24,2023-12-18
C000104,Lagos,25-34,2024-09-02
C000105,Lagos,35-44,2026-01-03
C000106,Enugu,18-24,2024-11-29
C000107,Abuja,35-44,2024-05-15
C000108,Kano,25-34,2023-10-07
C000109,Enugu,25-34,2024-03-05
C000110,Abuja,25-34,2024-09-18
C000111,Lagos,25-34,2025-06-10
C000112,Ibadan,25-34,2025-03-01
C000113,Ibadan,35-44,2024-02-09
C000114,Abuja,25-34,2024-11-02
C000115,Lagos,45-54,2025-03-26
C000116,Lagos,35-44,2025-10-07
C000117,Abuja,35-44,2024-08-26
C000118,Owerri,35-44,2024-11-26
C000119,Ibadan,18-24,2024-05-29
C000120,Ibadan,18-24,2024-07-29
C000121,Lagos,25-34,2024-08-05
C000122,Lagos,45-54,2024-02-24
C000123,Uyo,25-34,2026-01-13
C000124,Lagos,25-34,2025-04-18
C000125,Port Harcourt,35-44,2023-10-24
C000126,Ibadan,18-24,2025-01-28
C000127,Abuja,25-34,2025-07-28
C000128,Lagos,25-34,2024-12-18
C000129,Lagos,25-34,2023-09-08
C000130,Kano,25-34,2025-12-25
C000131,Abuja,45-54,2026-05-09
C000132,Owerri,35-44,2024-06-10
C000133,Lagos,18-24,2023-10-07
C000134,Lagos,18-24,2024-07-02
C000135,Port Harcourt,35-44,2023-10-31
C000136,Lagos,25-34,2025-12-30
C000137,Abuja,45-54,2025-12-13
C000138,Lagos,25-34,2023-09-08
C000139,LAGOS,25-34,2024-01-04
C000140,Lagos,45-54,2023-12-22
C000141,Abuja,18-24,2024-06-11
C000142,Lagos,25-34,2025-06-14
C000143,Port Harcourt,35-44,2025-11-19
C000144,Lagos,18-24,2024-02-18
C000145,Lagos,25-34,2025-11-06
C000146,Enugu,25-34,2023-09-09
C000147,Kano,45-54,2024-02-14
C000148,Lagos,25-34,2025-01-08
C000149,Owerri,25-34,2024-03-22
C000150,Abuja,25-34,2023-12-30
C000151,Lagos,35-44,2024-06-08
C000152,Lagos,45-54,2024-09-26
C000153,Abuja,25-34,2024-08-27
C000154,Lagos,25-34,2025-01-25
C000155,Ibadan,35-44,2024-02-12
C000156,Lagos,25-34,2024-11-17
C000157,Benin City,25-34,2025-01-30
C000158,Lagos,35-44,2025-11-19
C000159,Uyo,45-54,2024-04-11
C000160,Abuja,35-44,2024-07-27
C000161,Lagos,35-44,2024-07-12
C000162,Lagos,25-34,2023-10-30
C000163,Lagos,25-34,2023-11-30
C000164,Lagos,35-44,2024-04-26
C000165,Ibadan,25-34,2025-08-24
C000166,Abuja,25-34,2024-05-27
C000167,Kano,35-44,2024-07-21
C000168,Abuja,25-34,2024-11-21
C000169,Abuja,25-34,2025-07-20
C000170,Lagos,55+,2024-03-18
C000171,Port Harcourt,25-34,2025-01-01
C000172,Port Harcourt,25-34,2024-02-19
C000173,Lagos,18-24,2025-10-14
C000174,Lagos,35-44,2024-07-08
C000175,Lagos,18-24,2024-09-21
C000176,Abuja,25-34,2026-03-10
C000177,Abuja,25-34,2023-12-09
C000178,Lagos,25-34,2024-07-27
C000179,Lagos,25-34,2024-06-15
C000180,Lagos,18-24,2024-04-04
C000181,Lagos,35-44,2025-03-05
C000182,Abuja,25-34,2024-03-15
C000183,Abuja,25-34,2024-07-26
C000184,Benin City,35-44,2024-08-30
C000185,Abuja,35-44,2026-05-04
C000186,Abuja,18-24,2024-10-26
C000187,Lagos,25-34,2024-03-27
C000188,Lagos,18-24,2024-10-29
C000189,Port Harcourt,18-24,2025-07-14
C000190,Abuja,25-34,2024-08-16
C000191,Lagos,45-54,2023-09-09
C000192,Ibadan,25-34,2024-04-03
C000193,Enugu,25-34,2025-10-30
C000194,Uyo,18-24,2024-07-12
C000195,Benin City,35-44,2026-06-10
C000196,Lagos,55+,2025-02-01
C000197,Lagos,18-24,2024-04-27
C000198,Lagos,35-44,2023-09-30
C000199,Ibadan,18-24,2024-01-18
C000200,Benin City,18-24,2024-11-03
C000201,Abuja,35-44,2025-07-19
C000202,Lagos,25-34,2023-10-24
C000203,Abuja,25-34,2023-12-25
C000204,Lagos,25-34,2024-04-09
C000205,Lagos,25-34,2024-02-04
C000206,Lagos,18-24,2024-03-05
C000207,Lagos,25-34,2024-03-05
C000208,Benin City,25-34,2025-03-07
C000209,Lagos,55+,2024-10-08
C000210,Lagos,25-34,2024-03-04
C000211,Lagos,35-44,2025-10-30
C000212,Abuja,35-44,2025-01-21
C000213,Lagos,18-24,2024-05-14
C000214,Lagos,55+,2024-07-30
C000215,Benin City,25-34,2025-11-13
C000216,Port Harcourt,35-44,2024-08-22
C000217,Lagos,35-44,2025-10-21
C000218,Lagos,35-44,2024-04-10
C000219,Lagos,25-34,2025-02-27
C000220,Lagos,25-34,2023-11-18
C000221,Lagos,25-34,2023-10-21
C000222,Lagos,25-34,2023-11-02
C000223,Benin City,35-44,2023-12-06
C000224,Port Harcourt,25-34,2024-01-16
C000225,Lagos,18-24,2024-02-29
C000226,Ibadan,35-44,2024-12-26
C000227,Lagos,55+,2024-01-31
C000228,Port Harcourt,35-44,2026-03-29
C000229,Lagos,35-44,2024-07-09
C000230,Ibadan,35-44,2023-09-27
C000231,Port Harcourt,45-54,2023-12-23
C000232,Port Harcourt,55+,2023-12-03
C000233,Benin City,35-44,2026-01-07
C000234,Enugu,25-34,2025-06-09
C000235,Abuja,35-44,2024-01-06
C000236,Port Harcourt,45-54,2025-12-25
C000237,Lagos,35-44,2024-03-14
C000238,Port Harcourt,45-54,2024-09-25
C000239,Lagos,25-34,2025-11-03
C000240,Abuja,18-24,2024-12-22
C000241,Enugu,35-44,2023-10-22
C000242,Abuja,35-44,2024-05-25
C000243,Port Harcourt,25-34,2026-03-12
C000244,Lagos,35-44,2026-04-17
C000245,Enugu,25-34,2024-04-23
C000246,Abuja,18-24,2024-06-15
C000247,Lagos,55+,2023-10-13
C000248,Lagos,55+,2025-11-20
C000249,Lagos,45-54,2025-06-06
C000250,Lagos,55+,2025-03-12
