inventory_id,item_id,location_id,week_start,opening_stock,replenished_qty,prepared_qty,consumed_qty,closing_stock,unit
INV0000001,M001,L01,2024-07-01,30,2,3,3,29,portion
INV0000002,M004,L01,2024-07-01,30,5,4,4,31,portion
INV0000003,M005,L01,2024-07-01,30,6,7,6,29,portion
INV0000004,M007,L01,2024-07-01,30,2,4,1,28,PORTION
INV0000005,M008,L01,2024-07-01,30,6,5,4,31,portion
INV0000006,M010,L01,2024-07-01,30,2,1,1,31,portion
INV0000007,M011,L01,2024-07-01,30,5,6,6,29,PORTION
INV0000008,M013,L01,2024-07-01,30,5,4,4,31,portion
INV0000009,M014,L01,2024-07-01,30,5,6,6,29,portion
INV0000010,M015,L01,2024-07-01,30,2,4,3,28,portion
INV0000011,M016,L01,2024-07-01,30,3,2,2,31,portion
INV0000012,M017,L01,2024-07-01,30,7,7,7,30,portion
INV0000013,M018,L01,2024-07-01,30,4,6,3,28,PORTION
INV0000014,M019,L01,2024-07-01,30,2,4,4,28,portion
INV0000015,M020,L01,2024-07-01,30,5,4,4,31,portion
INV0000016,M022,L01,2024-07-01,30,3,4,3,29,portion
INV0000017,M023,L01,2024-07-01,30,15,15,13,30,PORTION
INV0000018,M024,L01,2024-07-01,30,4,2,2,32,portion
INV0000019,M025,L01,2024-07-01,30,10,9,9,31,portion
INV0000020,M026,L01,2024-07-01,30,30,32,25,28,portion
INV0000021,M029,L01,2024-07-01,30,2,2,2,30,PORTION
INV0000022,M030,L01,2024-07-01,30,1,1,1,30,portion
INV0000023,M032,L01,2024-07-01,30,4,2,2,32,portion
INV0000024,M034,L01,2024-07-01,30,0,1,1,29,portion
INV0000025,M035,L01,2024-07-01,30,10,7,6,33,portion
INV0000026,M036,L01,2024-07-01,30,5,6,6,29,portion
INV0000027,M038,L01,2024-07-01,30,1,2,2,29,portion
INV0000028,M041,L01,2024-07-01,30,2,3,3,29,portion
INV0000029,M044,L01,2024-07-01,30,0,3,3,27,portion
INV0000030,M045,L01,2024-07-01,30,4,6,5,28,portion
INV0000031,M046,L01,2024-07-01,30,4,3,2,31,portion
INV0000032,M047,L01,2024-07-01,30,0,2,2,28,portion
INV0000033,M049,L01,2024-07-01,30,5,3,3,32,portion
INV0000034,M050,L01,2024-07-01,30,3,6,6,27,portion
INV0000035,M051,L01,2024-07-01,30,3,3,3,30,portion
INV0000036,M052,L01,2024-07-01,30,0,1,1,29,portion
INV0000037,M054,L01,2024-07-01,30,4,5,4,29,portion
INV0000038,M055,L01,2024-07-01,30,3,3,1,30,portion
INV0000039,M056,L01,2024-07-01,30,4,5,4,29,portion
INV0000040,M058,L01,2024-07-01,30,27,28,24,29,portion
INV0000041,M060,L01,2024-07-01,30,3,2,2,31,portion
INV0000042,M063,L01,2024-07-01,30,2,2,2,30,PORTION
INV0000043,M064,L01,2024-07-01,30,2,4,4,28,portion
INV0000044,M065,L01,2024-07-01,30,1,1,1,30,portion
INV0000045,M066,L01,2024-07-01,30,7,6,6,31,portion
INV0000046,M067,L01,2024-07-01,30,5,4,3,31,portion
INV0000047,M068,L01,2024-07-01,30,5,4,4,31,portion
INV0000048,M069,L01,2024-07-01,30,2,2,1,30,portion
INV0000049,M070,L01,2024-07-01,30,6,6,4,30,portion
INV0000050,M072,L01,2024-07-01,30,7,7,6,30,portion
INV0000051,M073,L01,2024-07-01,30,6,5,4,31,portion
INV0000052,M074,L01,2024-07-01,30,6,8,8,28,PORTION
INV0000053,M075,L01,2024-07-01,30,3,2,2,31,portion
INV0000054,M076,L01,2024-07-01,30,4,5,5,29,portion
INV0000055,M078,L01,2024-07-01,30,10,11,10,29,portion
INV0000056,M079,L01,2024-07-01,30,1,3,1,28,portion
INV0000057,M080,L01,2024-07-01,30,1,2,2,29,portion
INV0000058,M081,L01,2024-07-01,30,3,1,1,32,portion
INV0000059,M083,L01,2024-07-01,30,19,19,15,30,portion
INV0000060,M084,L01,2024-07-01,30,2,1,1,31,portion
INV0000061,M085,L01,2024-07-01,30,6,8,7,28,portion
INV0000062,M086,L01,2024-07-01,30,4,4,4,30,portion
INV0000063,M087,L01,2024-07-01,30,6,7,6,29,portion
INV0000064,M088,L01,2024-07-01,30,4,6,5,28,portion
INV0000065,M089,L01,2024-07-01,30,1,1,1,30,PORTION
INV0000066,M090,L01,2024-07-01,30,11,11,11,30,portion
INV0000067,M091,L01,2024-07-01,30,10,12,8,28,PORTION
INV0000068,M092,L01,2024-07-01,30,4,2,1,32,portion
INV0000069,M093,L01,2024-07-01,30,14,12,12,32,portion
INV0000070,M094,L01,2024-07-01,30,6,4,3,32,portion
INV0000071,M095,L01,2024-07-01,30,5,6,6,29,portion
INV0000072,M096,L01,2024-07-01,30,7,7,7,30,portion
INV0000073,M097,L01,2024-07-01,30,2,2,1,30,portion
INV0000074,M101,L01,2024-07-01,30,2,1,1,31,portion
INV0000075,M102,L01,2024-07-01,30,2,2,2,30,portion
INV0000076,M104,L01,2024-07-01,30,1,3,2,28,piece
INV0000077,M105,L01,2024-07-01,30,2,3,2,29,piece
INV0000078,M106,L01,2024-07-01,30,6,5,3,31,piece
INV0000079,M107,L01,2024-07-01,30,3,3,2,30,piece
INV0000080,M108,L01,2024-07-01,30,2,2,1,30,piece
INV0000081,M112,L01,2024-07-01,30,1,1,1,30,piece
INV0000082,M115,L01,2024-07-01,30,4,5,4,29,portion
INV0000083,M116,L01,2024-07-01,30,3,4,4,29,PORTION
INV0000084,M117,L01,2024-07-01,30,6,2,2,34,portion
INV0000085,M118,L01,2024-07-01,30,7,5,3,32,portion
INV0000086,M120,L01,2024-07-01,30,1,1,1,30,portion
INV0000087,M121,L01,2024-07-01,30,3,3,2,30,portion
INV0000088,M123,L01,2024-07-01,30,5,5,4,30,portion
INV0000089,M124,L01,2024-07-01,30,24,23,21,31,PORTION
INV0000090,M126,L01,2024-07-01,30,9,8,8,31,PORTION
INV0000091,M127,L01,2024-07-01,30,0,1,1,29,portion
INV0000092,M130,L01,2024-07-01,30,0,1,1,29,slice
INV0000093,M132,L01,2024-07-01,30,1,2,2,29,slice
INV0000094,M135,L01,2024-07-01,30,4,1,1,33,slice
INV0000095,M136,L01,2024-07-01,30,10,9,9,31,bottle
INV0000096,M137,L01,2024-07-01,30,1,1,1,30,bottle
INV0000097,M138,L01,2024-07-01,30,3,3,3,30,bottle
INV0000098,M139,L01,2024-07-01,30,6,7,6,29,bottle
INV0000099,M140,L01,2024-07-01,30,9,9,7,30,bottle
INV0000100,M141,L01,2024-07-01,30,14,14,14,30,bottle
INV0000101,M142,L01,2024-07-01,30,5,7,6,28,bottle
INV0000102,M144,L01,2024-07-01,30,14,15,15,29,BOTTLE
INV0000103,M145,L01,2024-07-01,30,13,14,12,29,bottle
INV0000104,M150,L01,2024-07-01,30,0,1,1,29,cup
INV0000105,M152,L01,2024-07-01,30,4,3,3,31,pack
INV0000106,M153,L01,2024-07-01,30,7,7,3,30,pack
INV0000107,M158,L01,2024-07-01,30,2,3,1,29,pack
INV0000108,M159,L01,2024-07-01,30,0,2,2,28,pack
INV0000109,M160,L01,2024-07-01,30,4,3,2,31,pack
INV0000110,M001,L02,2024-07-01,30,3,3,3,30,portion
INV0000111,M004,L02,2024-07-01,30,8,7,7,31,portion
INV0000112,M005,L02,2024-07-01,30,3,1,1,32,portion
INV0000113,M007,L02,2024-07-01,30,6,5,5,31,PORTION
INV0000114,M008,L02,2024-07-01,30,12,9,8,33,portion
INV0000115,M009,L02,2024-07-01,30,2,1,1,31,PORTION
INV0000116,M010,L02,2024-07-01,30,5,4,2,31,portion
INV0000117,M011,L02,2024-07-01,30,13,11,11,32,portion
INV0000118,M013,L02,2024-07-01,30,6,6,6,30,portion
INV0000119,M014,L02,2024-07-01,30,11,9,7,32,portion
INV0000120,M015,L02,2024-07-01,30,2,2,2,30,portion
INV0000121,M016,L02,2024-07-01,30,5,5,3,30,portion
INV0000122,M017,L02,2024-07-01,30,4,5,4,29,PORTION
INV0000123,M018,L02,2024-07-01,30,2,1,1,31,portion
INV0000124,M019,L02,2024-07-01,30,8,8,6,30,portion
INV0000125,M020,L02,2024-07-01,30,9,8,7,31,portion
INV0000126,M022,L02,2024-07-01,30,2,2,2,30,portion
INV0000127,M023,L02,2024-07-01,30,8,7,6,31,portion
INV0000128,M024,L02,2024-07-01,30,5,5,4,30,portion
INV0000129,M025,L02,2024-07-01,30,52,52,49,30,PORTION
INV0000130,M026,L02,2024-07-01,30,18,17,16,31,portion
INV0000131,M028,L02,2024-07-01,30,0,1,1,29,portion
INV0000132,M030,L02,2024-07-01,30,4,2,2,32,portion
INV0000133,M031,L02,2024-07-01,30,4,2,1,32,portion
INV0000134,M032,L02,2024-07-01,30,5,4,4,31,portion
INV0000135,M034,L02,2024-07-01,30,7,5,5,32,portion
INV0000136,M035,L02,2024-07-01,30,16,15,12,31,portion
INV0000137,M038,L02,2024-07-01,30,0,3,2,27,portion
INV0000138,M040,L02,2024-07-01,30,4,3,3,31,portion
INV0000139,M042,L02,2024-07-01,30,0,1,1,29,portion
INV0000140,M044,L02,2024-07-01,30,4,6,6,28,portion
INV0000141,M045,L02,2024-07-01,30,4,3,3,31,portion
INV0000142,M049,L02,2024-07-01,30,3,1,1,32,portion
INV0000143,M050,L02,2024-07-01,30,5,3,3,32,portion
INV0000144,M051,L02,2024-07-01,30,8,8,7,30,portion
INV0000145,M052,L02,2024-07-01,30,2,2,2,30,portion
INV0000146,M054,L02,2024-07-01,30,4,5,4,29,portion
INV0000147,M055,L02,2024-07-01,30,3,5,4,28,portion
INV0000148,M057,L02,2024-07-01,30,1,1,1,30,portion
INV0000149,M058,L02,2024-07-01,30,10,9,9,31,portion
INV0000150,M059,L02,2024-07-01,30,3,2,1,31,portion
INV0000151,M062,L02,2024-07-01,30,3,1,1,32,portion
INV0000152,M063,L02,2024-07-01,30,2,3,3,29,portion
INV0000153,M064,L02,2024-07-01,30,11,9,8,32,portion
INV0000154,M065,L02,2024-07-01,30,1,1,1,30,portion
INV0000155,M066,L02,2024-07-01,30,1,3,3,28,portion
INV0000156,M067,L02,2024-07-01,30,0,2,2,28,portion
INV0000157,M068,L02,2024-07-01,30,3,6,5,27,portion
INV0000158,M070,L02,2024-07-01,30,5,5,5,30,portion
INV0000159,M072,L02,2024-07-01,30,7,5,5,32,portion
INV0000160,M073,L02,2024-07-01,30,2,2,2,30,portion
INV0000161,M074,L02,2024-07-01,30,9,7,7,32,portion
INV0000162,M075,L02,2024-07-01,30,2,1,1,31,portion
INV0000163,M076,L02,2024-07-01,30,1,1,1,30,portion
INV0000164,M077,L02,2024-07-01,30,2,1,1,31,portion
INV0000165,M078,L02,2024-07-01,30,2,3,3,29,portion
INV0000166,M080,L02,2024-07-01,30,6,7,5,29,portion
INV0000167,M081,L02,2024-07-01,30,6,5,3,31,portion
INV0000168,M083,L02,2024-07-01,30,35,35,30,30,PORTION
INV0000169,M085,L02,2024-07-01,30,10,12,11,28,portion
INV0000170,M086,L02,2024-07-01,30,12,10,10,32,portion
INV0000171,M087,L02,2024-07-01,30,7,7,7,30,portion
INV0000172,M088,L02,2024-07-01,30,2,4,4,28,portion
INV0000173,M091,L02,2024-07-01,30,4,4,3,30,portion
INV0000174,M092,L02,2024-07-01,30,0,1,1,29,portion
INV0000175,M093,L02,2024-07-01,30,5,4,4,31,portion
INV0000176,M094,L02,2024-07-01,30,1,2,2,29,portion
INV0000177,M095,L02,2024-07-01,30,4,4,1,30,portion
INV0000178,M096,L02,2024-07-01,30,8,8,8,30,portion
INV0000179,M097,L02,2024-07-01,30,2,1,1,31,portion
INV0000180,M103,L02,2024-07-01,30,8,5,3,33,piece
INV0000181,M104,L02,2024-07-01,30,6,5,5,31,piece
INV0000182,M105,L02,2024-07-01,30,1,3,3,28,piece
INV0000183,M106,L02,2024-07-01,30,2,2,2,30,piece
INV0000184,M107,L02,2024-07-01,30,3,5,5,28,piece
INV0000185,M108,L02,2024-07-01,30,1,3,3,28,piece
INV0000186,M111,L02,2024-07-01,30,3,2,2,31,PIECE
INV0000187,M115,L02,2024-07-01,30,2,4,4,28,PORTION
INV0000188,M116,L02,2024-07-01,30,2,2,1,30,portion
INV0000189,M117,L02,2024-07-01,30,2,1,1,31,PORTION
INV0000190,M118,L02,2024-07-01,30,2,2,1,30,portion
INV0000191,M120,L02,2024-07-01,30,4,5,5,29,portion
INV0000192,M121,L02,2024-07-01,30,2,1,1,31,portion
INV0000193,M122,L02,2024-07-01,30,11,8,7,33,portion
INV0000194,M123,L02,2024-07-01,30,2,1,1,31,portion
INV0000195,M124,L02,2024-07-01,30,13,13,13,30,portion
INV0000196,M125,L02,2024-07-01,30,6,4,3,32,portion
INV0000197,M126,L02,2024-07-01,30,9,11,10,28,PORTION
INV0000198,M127,L02,2024-07-01,30,5,4,4,31,portion
INV0000199,M130,L02,2024-07-01,30,4,3,2,31,slice
INV0000200,M132,L02,2024-07-01,30,4,3,1,31,slice
INV0000201,M134,L02,2024-07-01,30,4,4,2,30,slice
INV0000202,M137,L02,2024-07-01,30,0,1,1,29,bottle
INV0000203,M138,L02,2024-07-01,30,6,7,7,29,bottle
INV0000204,M139,L02,2024-07-01,30,3,3,3,30,bottle
INV0000205,M140,L02,2024-07-01,30,2,1,1,31,bottle
INV0000206,M141,L02,2024-07-01,30,7,5,5,32,bottle
INV0000207,M142,L02,2024-07-01,30,1,3,3,28,bottle
INV0000208,M144,L02,2024-07-01,30,3,2,1,31,bottle
INV0000209,M145,L02,2024-07-01,30,7,6,6,31,bottle
INV0000210,M151,L02,2024-07-01,30,6,5,4,31,cup
INV0000211,M160,L02,2024-07-01,30,4,4,3,30,pack
INV0000212,M161,L02,2024-07-01,30,5,5,1,30,pack
INV0000213,M003,L03,2024-07-01,30,4,4,2,30,portion
INV0000214,M004,L03,2024-07-01,30,8,8,8,30,portion
INV0000215,M005,L03,2024-07-01,30,6,5,5,31,portion
INV0000216,M007,L03,2024-07-01,30,0,1,1,29,portion
INV0000217,M008,L03,2024-07-01,30,5,5,5,30,portion
INV0000218,M009,L03,2024-07-01,30,4,4,2,30,portion
INV0000219,M010,L03,2024-07-01,30,4,3,2,31,portion
INV0000220,M011,L03,2024-07-01,30,4,4,4,30,portion
INV0000221,M012,L03,2024-07-01,30,0,2,2,28,portion
INV0000222,M013,L03,2024-07-01,30,6,3,2,33,portion
INV0000223,M014,L03,2024-07-01,30,6,7,5,29,portion
INV0000224,M015,L03,2024-07-01,30,6,5,5,31,portion
INV0000225,M016,L03,2024-07-01,30,5,4,3,31,portion
INV0000226,M017,L03,2024-07-01,30,4,6,6,28,portion
INV0000227,M018,L03,2024-07-01,30,5,4,4,31,portion
INV0000228,M019,L03,2024-07-01,30,3,5,5,28,portion
INV0000229,M020,L03,2024-07-01,30,8,8,8,30,portion
INV0000230,M022,L03,2024-07-01,30,5,4,3,31,portion
INV0000231,M023,L03,2024-07-01,30,21,17,16,34,portion
INV0000232,M024,L03,2024-07-01,30,6,6,6,30,PORTION
INV0000233,M025,L03,2024-07-01,30,7,7,5,30,portion
INV0000234,M026,L03,2024-07-01,30,26,24,20,32,portion
INV0000235,M030,L03,2024-07-01,30,4,4,4,30,portion
INV0000236,M031,L03,2024-07-01,30,2,1,1,31,portion
INV0000237,M032,L03,2024-07-01,30,3,2,2,31,portion
INV0000238,M034,L03,2024-07-01,30,3,5,4,28,portion
INV0000239,M035,L03,2024-07-01,30,17,15,13,32,portion
INV0000240,M036,L03,2024-07-01,30,4,3,2,31,portion
INV0000241,M037,L03,2024-07-01,30,1,1,1,30,portion
INV0000242,M041,L03,2024-07-01,30,4,4,3,30,portion
INV0000243,M042,L03,2024-07-01,30,2,1,1,31,portion
INV0000244,M044,L03,2024-07-01,30,3,2,2,31,portion
INV0000245,M045,L03,2024-07-01,30,6,5,5,31,portion
INV0000246,M047,L03,2024-07-01,30,1,1,1,30,portion
INV0000247,M049,L03,2024-07-01,30,4,3,3,31,portion
INV0000248,M050,L03,2024-07-01,30,6,5,5,31,portion
INV0000249,M051,L03,2024-07-01,30,0,1,1,29,portion
INV0000250,M052,L03,2024-07-01,30,3,3,2,30,portion
