order_id,customer_id,location_id,order_datetime,order_date,channel,payment_method,status,promo_id
ORD0076811,C009450,L02,2025-12-08 17:06:33,2025-12-08,Dine-in,Cash,Completed,
ORD0074979,C004312,L07,2025-11-28 22:22:12,2025-11-28,Takeaway,Bank Transfer,Completed,
ORD0065454,,L20,2025-09-26 19:28:03,2025-09-26,Dine-in,Bank Transfer,Completed,
ORD0028580,C020328,L17,2025-02-01 19:13:08,2025-02-01,Dine-in,Card,Completed,
ORD0076955,C033129,L09,2025-12-09 13:33:56,2025-12-09,Third-party Delivery,Card,Completed,
ORD0042295,C035486,L03,2025-05-01 10:24:56,2025-05-01,Website/App,Wallet/USSD,Cancelled,P015
ORD0053528,C029405,L13,2025-07-10 20:06:00,2025-07-10,Website/App,Card,Completed,
ORD0027424,C050306,L19,2025-01-24 15:33:34,2025-01-24,Website/App,Cash,Completed,P028
ORD0003877,C016528,L10,2024-08-12 05:52:06,2024-08-12,Takeaway,Cash,Completed,
ORD0064251,C037837,L01,2025-09-19 19:27:15,2025-09-19,Dine-in,Bank Transfer,Completed,
ORD0061687,C024139,L04,2025-09-02 18:32:37,2025-09-02,Website/App,Bank Transfer,COMPLETED ,
ORD0064411,C008391,L07,2025-09-20 13:10:34,2025-09-20,Website/App,Card,Completed,
ORD0048865,C013667,L17,2025-06-11 11:41:28,2025-06-11,Third-party Delivery,Card,Completed,
ORD0026515,C030616,L16,2025-01-17 18:25:24,2025-01-17,Dine-in,Cash,Completed,P028
ORD0089318,C020914,L13,2026-02-21 09:25:03,2026-02-21,Dine-in,Bank Transfer,Completed,P034
ORD0091694,C006653,L07,2026-03-07 15:05:59,2026-03-07,Dine-in,Bank Transfer,Completed,
ORD0035023,C012727,L03,2025-03-16 19:57:24,2025-03-16,Third-party Delivery,Card,Completed,P002
ORD0082409,C049996,L05,2026-01-01 15:20:20,2026-01-01,Third-party Delivery,Cash,Completed,P032
ORD0083401,C039209,L01,2026-01-08 16:56:38,2026-01-08,Dine-in,Bank Transfer,Cancelled,
ORD0006018,C002738,L10,2024-09-01 15:25:23,2024-09-01,Third-party Delivery,Cash,Completed,P041
ORD0003732,C035013,L08,2024-08-10 20:46:36,2024-08-10,Dine-in,Card,Completed,
ORD0040236,C012527,L04,2025-04-18 15:46:13,2025-04-18,Third-party Delivery,Card,Completed,P004
ORD0106650,C016596,L14,2026-05-29 12:17:46,2026-05-29,Dine-in,Cash,Completed,
ORD0068241,C017746,L07,2025-10-14 11:27:05,2025-10-14,Takeaway,Card,Cancelled,
ORD0079476,C019016,L09,2025-12-20 20:52:44,2025-12-20,Dine-in,Card,Completed,
ORD0030370,C051320,L16,2025-02-15 14:33:07,2025-02-15,Dine-in,Card,Completed,
ORD0033757,C008941,L04,2025-03-08 22:17:55,2025-03-08,Dine-in,Card,Completed,
ORD0074203,C005338,L17,2025-11-23 00:50:27,2025-11-23,Website/App,Wallet/USSD,Completed,
ORD0060950,C011625,L20,2025-08-29 07:13:38,2025-08-29,Dine-in,Card,Completed,
ORD0006364,C050840,L12,2024-09-05 12:15:45,2024-09-05,Takeaway,Wallet/USSD,Completed,
ORD0027657,C028885,L16,2025-01-25 21:13:54,2025-01-25,Website/App,Cash,Completed,
ORD0075858,C020345,L12,2025-12-04 08:45:41,2025-12-04,Takeaway,Cash,Completed,
ORD0063666,C035796,L12,2025-09-15 10:06:05,2025-09-15,Dine-in,Bank Transfer,Completed,
ORD0042738,C014256,L11,2025-05-03 20:58:07,2025-05-03,Third-party Delivery,Card,Completed,P038
ORD0045104,C026466,L13,2025-05-19 13:39:39,2025-05-19,third-party delivery,Card,Completed,
ORD0073849,C047163,L02,2025-11-20 18:47:30,2025-11-20,Website/App,Cash,Completed,
ORD0057253,C021143,L16,2025-08-04 19:20:06,2025-08-04,Third-party Delivery,Wallet/USSD,Completed,P042
ORD0010778,C011451,L20,2024-10-11 11:40:03,2024-10-11,Third-party Delivery,Card,Completed,
ORD0009477,C041573,L12,2024-09-30 21:44:00,2024-09-30,Website/App,Card,Completed,
ORD0043881,C036474,L17,2025-05-10 23:32:37,2025-05-10,Dine-in,Bank Transfer,Completed,P038
ORD0088515,C027658,L09,2026-02-15 19:31:01,2026-02-15,Takeaway,Card,Completed,P003
ORD0097526,C016074,L18,2026-04-11 20:21:20,2026-04-11,Takeaway,Card,Completed,
ORD0066021,C029831,L07,2025-09-30 08:59:18,2025-09-30,Takeaway,Wallet/USSD,Completed,
ORD0076095,C052544,L14,2025-12-05 13:45:22,2025-12-05,Dine-in,Cash,Completed,
ORD0028076,C011727,L12,2025-01-29 07:34:42,2025-01-29,Dine-in,Cash,Completed,
ORD0057637,C021949,L11,2025-08-07 15:07:45,2025-08-07,Takeaway,Card,Completed,
ORD0068692,C019647,L13,2025-10-17 12:32:02,2025-10-17,Takeaway,Cash,Completed,
ORD0017081,C019722,L08,2024-11-24 21:40:04,2024-11-24,Dine-in,Bank Transfer,Completed,
ORD0041171,C032957,L03,2025-04-23 09:22:51,2025-04-23,Website/App,Cash,Completed,
ORD0035542,C042670,L12,2025-03-20 12:27:02,2025-03-20,Takeaway,Bank Transfer,Completed,
ORD0100312,C050331,L12,2026-04-27 18:48:17,2026-04-27,Third-party Delivery,Card,Cancelled,
ORD0042189,C048177,L20,2025-04-30 12:18:53,2025-04-30,Dine-in,Bank Transfer,Completed,
ORD0065878,C052614,L05,2025-09-28 23:54:53,2025-09-28,Third-party Delivery,Cash,Completed,
ORD0052313,C053166,L20,2025-07-01 11:05:50,2025-07-01,Takeaway,Card,Completed,
ORD0033643,C009070,L03,2025-03-08 19:40:43,2025-03-08,Third-party Delivery,Card,Cancelled,
ORD0009406,C020331,L01,2024-09-30 12:51:14,2024-09-30,Third-party Delivery,Card,Completed,
ORD0042837,C022075,L03,2025-05-04 14:42:14,2025-05-04,Website/App,Cash,Completed,P038
ORD0056080,C035945,L09,2025-07-28 11:17:39,2025-07-28,Dine-in,Cash,Completed,
ORD0061167,C026281,L11,2025-08-30 14:43:58,2025-08-30,Dine-in,Cash,Completed,
ORD0063827,C024722,L01,2025-09-16 17:42:00,2025-09-16,Takeaway,Card,Completed,
ORD0099868,C011303,L09,2026-04-24 22:25:21,2026-04-24,Dine-in,Cash,Completed,
ORD0086232,C018046,L19,2026-01-31 17:00:55,2026-01-31,Third-party Delivery,Cash,Completed,
ORD0064258,C031702,L18,2025-09-19 20:19:03,2025-09-19,Third-party Delivery,Bank Transfer,Completed,
ORD0003195,C049788,L03,2024-08-05 12:30:29,2024-08-05,Dine-in,Wallet/USSD,Completed,
ORD0067638,C037280,L05,2025-10-10 20:07:36,2025-10-10,Website/App,Wallet/USSD,Completed,
ORD0105351,C045952,L09,2026-05-20 08:35:45,2026-05-20,Dine-in,Card,Completed,
ORD0015122,C007069,L12,2024-11-11 12:26:54,2024-11-11,Third-party Delivery,Bank Transfer,COMPLETED ,
ORD0015595,C033665,L09,2024-11-15 11:21:43,2024-11-15,Third-party Delivery,Wallet/USSD,Completed,
ORD0014871,C032585,L05,2024-11-09 20:36:34,2024-11-09,Third-party Delivery,Bank Transfer,Completed,P006
ORD0027704,C019438,L03,2025-01-26 10:24:25,2025-01-26,Third-party Delivery,Card,Completed,P028
ORD0035168,C027533,L16,2025-03-17 17:00:45,2025-03-17,Website/App,Wallet/USSD,Completed,
ORD0095202,C029970,L09,2026-03-29 17:15:22,2026-03-29,Dine-in,Wallet/USSD,Completed,
ORD0051107,C044320,L13,2025-06-21 21:52:24,2025-06-21,Website/App,Card,Completed,
ORD0093124,C015096,L04,2026-03-16 08:01:49,2026-03-16,Website/App,Cash,Completed,
ORD0107287,C024157,L14,2026-06-01 18:31:31,2026-06-01,Dine-in,Card,Completed,
ORD0073591,C003513,L03,2025-11-18 17:14:53,2025-11-18,Dine-in,Cash,Completed,
ORD0058789,C048424,L08,2025-08-14 19:35:40,2025-08-14,Dine-in,Card,Completed,P043
ORD0107395,C044314,L03,2026-06-02 15:17:36,2026-06-02,Dine-in,Card,Completed,
ORD0096906,C035585,L12,2026-04-08 13:03:46,2026-04-08,Dine-in,Card,Completed,
ORD0080475,C004164,L05,2025-12-25 13:17:23,2025-12-25,Dine-in,Cash,Completed,
ORD0075288,C043059,L02,2025-11-30 18:56:02,2025-11-30,Takeaway,Card,Completed,
ORD0107163,C030163,L07,2026-05-31 20:58:57,2026-05-31,Third-party Delivery,Wallet/USSD,Completed,
ORD0083793,C001141,L07,2026-01-11 13:32:05,2026-01-11,Dine-in,Bank Transfer,Completed,
ORD0028295,C041119,L07,2025-01-30 21:24:21,2025-01-30,Website/App,Card,Completed,P040
ORD0048891,C024534,L19,2025-06-11 13:03:04,2025-06-11,Website/App,Card,Completed,
ORD0062386,C036932,L04,2025-09-07 10:44:10,2025-09-07,Dine-in,Card,Completed,
ORD0101010,C052347,L09,2026-05-02 11:09:55,2026-05-02,Website/App,Wallet/USSD,Completed,
ORD0048207,C033570,L04,2025-06-08 10:06:52,2025-06-08,Dine-in,Cash,Completed,
ORD0051016,C043850,L09,2025-06-21 17:55:50,2025-06-21,Takeaway,Bank Transfer,Completed,
ORD0076026,C000319,L15,2025-12-05 07:28:54,2025-12-05,Dine-in,Wallet/USSD,Completed,
ORD0043547,C034054,L09,2025-05-09 12:29:36,2025-05-09,Dine-in,Card,Completed,
ORD0063249,C016644,L09,2025-09-12 23:32:21,2025-09-12,Dine-in,Wallet/USSD,Completed,
ORD0092171,C048274,L12,2026-03-10 12:59:16,2026-03-10,Dine-in,Cash,Completed,P034
ORD0104572,C048260,L10,2026-05-16 12:40:31,2026-05-16,Takeaway,Cash,Completed,
ORD0075627,C034452,L16,2025-12-02 18:40:41,2025-12-02,Website/App,Cash,Completed,
ORD0011621,C052077,L09,2024-10-17 11:45:43,2024-10-17,Takeaway,Card,Completed,P035
ORD0039851,,L07,2025-04-15 22:50:47,2025-04-15,Website/App,Card,Completed,
ORD0013149,C009134,L13,2024-10-27 21:27:14,2024-10-27,Third-party Delivery,Card,Completed,
ORD0037912,C053522,L14,2025-04-03 16:24:22,2025-04-03,Third-party Delivery,Card,Completed,
ORD0015716,C031021,L17,2024-11-15 22:58:40,2024-11-15,Third-party Delivery,Cash,Completed,
ORD0065605,C024230,L03,2025-09-27 17:05:50,2025-09-27,Dine-in,Card,Completed,
ORD0038769,C034348,L13,2025-04-09 11:20:23,2025-04-09,Third-party Delivery,Card,Completed,
ORD0076801,C051174,L02,2025-12-08 16:10:25,2025-12-08,Dine-in,Card,Completed,
ORD0030612,C036427,L08,2025-02-16 19:10:02,2025-02-16,Third-party Delivery,Wallet/USSD,Completed,
ORD0036452,C036364,L08,2025-03-25 18:04:18,2025-03-25,Dine-in,Wallet/USSD,Completed,
ORD0062565,C030388,L09,2025-09-08 07:28:49,2025-09-08,Dine-in,Card,Completed,
ORD0041418,C037583,L17,2025-04-25 10:50:54,2025-04-25,Dine-in,Card,Completed,
ORD0051298,C035522,L20,2025-06-22 19:32:42,2025-06-22,Dine-in,Card,Completed,
ORD0007455,C029652,L07,2024-09-14 18:57:34,2024-09-14,Website/App,Bank Transfer,Completed,
ORD0077322,C045210,L13,2025-12-11 15:53:18,2025-12-11,Website/App,Wallet/USSD,Completed,
ORD0006786,C051764,L06,2024-09-08 19:56:25,2024-09-08,Website/App,Card,Completed,
ORD0078134,C019299,L06,2025-12-14 18:08:04,2025-12-14,Dine-in,Bank Transfer,Completed,
ORD0111086,C025886,L02,2026-06-24 21:25:43,2026-06-24,Dine-in,Card,Completed,
ORD0016598,C000658,L10,2024-11-21 21:45:33,2024-11-21,Third-party Delivery,Cash,Completed,
ORD0077981,C041291,L06,2025-12-14 09:25:58,2025-12-14,Website/App,Wallet/USSD,Completed,
ORD0069146,C031539,L09,2025-10-19 16:11:20,2025-10-19,Dine-in,Wallet/USSD,Completed,
ORD0035300,C002658,L19,2025-03-18 16:31:59,2025-03-18,Dine-in,Cash,Completed,
ORD0005116,C014609,L11,2024-08-24 16:47:42,2024-08-24,Dine-in,Card,Completed,P041
ORD0055890,C016509,L03,2025-07-27 07:36:35,2025-07-27,Dine-in,Wallet/USSD,Completed,P042
ORD0075835,C022713,L09,2025-12-03 21:54:48,2025-12-03,Dine-in,Bank Transfer,Completed,
ORD0080713,C042607,L06,2025-12-26 07:43:52,2025-12-26,Dine-in,Cash,Completed,P032
ORD0077109,C020208,L16,2025-12-10 12:10:22,2025-12-10,Third-party Delivery,Wallet/USSD,Completed,
ORD0005283,C027906,L09,2024-08-25 18:10:24,2024-08-25,Dine-in,Card,Completed,P041
ORD0103848,C009096,L16,2026-05-13 13:30:01,2026-05-13,Dine-in,Cash,Completed,
ORD0068971,C036466,L02,2025-10-18 17:41:46,2025-10-18,Third-party Delivery,Wallet/USSD,Completed,
ORD0014474,C009576,L11,2024-11-07 11:13:19,2024-11-07,Website/App,Bank Transfer,Completed,P006
ORD0098918,C029888,L09,2026-04-18 20:33:38,2026-04-18,Third-party Delivery,Card,Completed,
ORD0052305,C006064,L06,2025-07-01 08:35:22,2025-07-01,Third-party Delivery,Cash,Completed,
ORD0036600,C038915,L09,2025-03-26 19:23:00,2025-03-26,Takeaway,Cash,Completed,
ORD0112002,C033673,L09,2026-06-29 17:49:50,2026-06-29,Dine-in,Wallet/USSD,Completed,
ORD0097895,C007747,L14,2026-04-13 20:34:43,2026-04-13,Third-party Delivery,Cash,Completed,
ORD0040900,C003729,L02,2025-04-21 08:20:13,2025-04-21,Dine-in,Cash,Completed,
ORD0078689,C053919,L18,2025-12-16 22:32:48,2025-12-16,Website/App,Card,Completed,
ORD0094585,C024644,L03,2026-03-25 13:35:59,2026-03-25,Dine-in,Cash,Completed,
ORD0082818,C048227,L13,2026-01-04 11:05:11,2026-01-04,Third-party Delivery,Cash,Completed,P032
ORD0039320,C007659,L04,2025-04-12 18:22:41,2025-04-12,Takeaway,Bank Transfer,Completed,P004
ORD0018786,C014713,L08,2024-12-05 13:48:15,2024-12-05,Takeaway,Bank Transfer,Completed,
ORD0101848,C028914,L02,2026-05-05 12:30:15,2026-05-05,Dine-in,Cash,Completed,P027
ORD0070389,C049065,L20,2025-10-28 12:50:51,2025-10-28,Website/App,Wallet/USSD,COMPLETED ,
ORD0039412,C054229,L17,2025-04-13 10:01:52,2025-04-13,Dine-in,Card,Completed,
ORD0078796,C004519,L03,2025-12-17 17:38:51,2025-12-17,Third-party Delivery,Cash,Completed,
ORD0079229,C023159,L15,2025-12-19 20:13:07,2025-12-19,Dine-in,Card,Completed,
ORD0084785,C026449,L12,2026-01-19 08:22:16,2026-01-19,Third-party Delivery,Bank Transfer,COMPLETED ,
ORD0002147,C019543,L09,2024-07-26 08:32:04,2024-07-26,Third-party Delivery,Card,Completed,
ORD0023378,C000534,L19,2024-12-27 15:57:16,2024-12-27,Takeaway,Cash,Completed,
ORD0096100,C021015,L08,2026-04-04 14:55:12,2026-04-04,Dine-in,Card,Completed,
ORD0041775,C020460,L07,2025-04-27 12:13:05,2025-04-27,Takeaway,Card,Completed,
ORD0065359,C032921,L08,2025-09-25 21:28:55,2025-09-25,Website/App,Cash,Completed,
ORD0050011,C020649,L10,2025-06-16 16:18:55,2025-06-16,Third-party Delivery,Cash,Cancelled,P026
ORD0014168,C018381,L10,2024-11-04 15:58:39,2024-11-04,Third-party Delivery,Card,Completed,
ORD0097668,C044594,L12,2026-04-12 16:39:10,2026-04-12,Website/App,Bank Transfer,Completed,
ORD0060374,C049759,L08,2025-08-24 13:44:07,2025-08-24,Dine-in,Card,Completed,
ORD0043058,C042401,L08,2025-05-05 18:50:50,2025-05-05,Dine-in,Wallet/USSD,Completed,P038
ORD0109065,C005356,L01,2026-06-13 09:28:23,2026-06-13,Dine-in,Card,Completed,
ORD0038984,C050302,L08,2025-04-10 21:06:45,2025-04-10,Takeaway,Cash,Completed,
ORD0001653,C007004,L01,2024-07-20 14:21:02,2024-07-20,Dine-in,Cash,COMPLETED ,
ORD0095749,C022770,L03,2026-04-02 19:03:11,2026-04-02,Takeaway,Bank Transfer,Completed,
ORD0036736,,L08,2025-03-27 21:07:18,2025-03-27,Website/App,Bank Transfer,Completed,
ORD0064140,C051944,L17,2025-09-18 22:36:11,2025-09-18,Website/App,Wallet/USSD,Completed,
ORD0056858,C008503,L02,2025-08-02 14:01:53,2025-08-02,Website/App,Cash,Completed,
ORD0012678,C004754,L01,2024-10-25 11:50:35,2024-10-25,Dine-in,Bank Transfer,Cancelled,
ORD0079914,C016950,L01,2025-12-22 21:07:58,2025-12-22,Dine-in,Card,Completed,
ORD0067124,C033224,L09,2025-10-07 16:32:46,2025-10-07,Third-party Delivery,Cash,Completed,P007
ORD0075338,C045190,L12,2025-11-30 22:28:26,2025-11-30,Takeaway,Wallet/USSD,Completed,
ORD0031204,C033978,L13,2025-02-21 13:58:48,2025-02-21,Website/App,Bank Transfer,Completed,
ORD0039586,C020539,L06,2025-04-13 23:11:55,2025-04-13,Third-party Delivery,Card,Completed,
ORD0026175,C045685,L08,2025-01-14 18:30:59,2025-01-14,Dine-in,Wallet/USSD,COMPLETED ,P028
ORD0020327,C005387,L03,2024-12-13 14:08:14,2024-12-13,Takeaway,Bank Transfer,Completed,
ORD0062403,C010233,L13,2025-09-07 11:30:43,2025-09-07,Third-party Delivery,Bank Transfer,Completed,
ORD0082840,C001719,L03,2026-01-04 12:49:01,2026-01-04,Dine-in,Card,Completed,
ORD0054872,C033912,L02,2025-07-19 20:16:20,2025-07-19,Dine-in,Cash,Completed,
ORD0041282,C049207,L05,2025-04-24 06:36:55,2025-04-24,Dine-in,Card,Completed,
ORD0085816,C019440,L17,2026-01-28 11:57:26,2026-01-28,Dine-in,Bank Transfer,Completed,
ORD0059957,C020014,L02,2025-08-22 11:34:29,2025-08-22,Website/App,Card,Completed,
ORD0016509,C014384,L07,2024-11-21 12:03:24,2024-11-21,Dine-in,Cash,Completed,
ORD0093001,C014270,L09,2026-03-15 14:35:18,2026-03-15,Third-party Delivery,Card,Completed,
ORD0029806,C035230,L13,2025-02-09 18:55:46,2025-02-09,Website/App,Card,Completed,
ORD0021519,C051155,L16,2024-12-19 18:29:21,2024-12-19,Dine-in,Card,Completed,
ORD0012902,C015854,L10,2024-10-26 16:14:54,2024-10-26,Dine-in,Card,Completed,P035
ORD0055682,C028494,L17,2025-07-25 21:47:23,2025-07-25,Website/App,Cash,Completed,
ORD0030406,C042182,L20,2025-02-15 18:16:04,2025-02-15,Third-party Delivery,Card,Cancelled,
ORD0040886,C008428,L10,2025-04-21 05:03:12,2025-04-21,Dine-in,Wallet/USSD,Completed,
ORD0047230,C001297,L09,2025-06-03 19:57:19,2025-06-03,Website/App,Cash,Completed,
ORD0108370,C039925,L05,2026-06-08 12:31:03,2026-06-08,Takeaway,Bank Transfer,Completed,
ORD0060361,C026970,L14,2025-08-24 13:01:11,2025-08-24,Dine-in,Bank Transfer,Completed,
ORD0084494,C012288,L09,2026-01-17 13:36:09,2026-01-17,Third-party Delivery,Bank Transfer,Completed,
ORD0056993,C011186,L17,2025-08-03 09:38:39,2025-08-03,Dine-in,Card,Completed,
ORD0030121,C049245,L17,2025-02-11 20:23:52,2025-02-11,Website/App,Card,Completed,
ORD0111797,C033729,L09,2026-06-28 14:53:29,2026-06-28,Takeaway,Cash,Cancelled,
ORD0095764,C051285,L17,2026-04-02 19:59:54,2026-04-02,Dine-in,Bank Transfer,Completed,
ORD0095977,C007915,L15,2026-04-03 22:25:49,2026-04-03,Dine-in,Card,Completed,
ORD0023609,C053614,L17,2024-12-28 14:57:17,2024-12-28,Takeaway,Bank Transfer,Completed,
ORD0095025,C027903,L09,2026-03-28 18:55:43,2026-03-28,Third-party Delivery,Bank Transfer,Completed,
ORD0091222,C008387,L15,2026-03-04 19:24:43,2026-03-04,Third-party Delivery,Bank Transfer,Completed,P034
ORD0094962,C034819,L13,2026-03-28 12:26:29,2026-03-28,Dine-in,Card,Cancelled,
ORD0053900,C005187,L15,2025-07-13 11:47:09,2025-07-13,Website/App,Bank Transfer,Completed,
ORD0049543,C015180,L03,2025-06-14 16:18:11,2025-06-14,Third-party Delivery,Bank Transfer,Completed,
ORD0032251,C014999,L09,2025-03-01 14:02:24,2025-03-01,Website/App,Wallet/USSD,Completed,
ORD0081422,C036841,L07,2025-12-28 10:33:21,2025-12-28,Dine-in,Bank Transfer,Completed,
ORD0002382,C025909,L19,1970-01-01 00:00:00,1970-01-01,Website/App,Card,Completed,
ORD0061835,C030251,L01,2025-09-03 20:01:45,2025-09-03,Third-party Delivery,Bank Transfer,Cancelled,
ORD0102763,C029414,L08,2026-05-09 10:30:45,2026-05-09,Website/App,Card,Completed,P027
ORD0098210,C028284,L05,2026-04-15 20:30:46,2026-04-15,Third-party Delivery,Cash,Completed,P039
ORD0062464,C005038,L20,2025-09-07 15:47:08,2025-09-07,Dine-in,Wallet/USSD,Completed,
ORD0018938,C022088,L13,2024-12-06 12:52:41,2024-12-06,Dine-in,Bank Transfer,Completed,
ORD0052786,C027194,L05,2025-07-05 00:44:41,2025-07-05,Dine-in,Card,Completed,
ORD0012109,C007678,L01,2024-10-20 15:13:32,2024-10-20,Dine-in,Cash,Cancelled,P035
ORD0055977,C035243,L01,2025-07-27 16:12:44,2025-07-27,Website/App,Card,Completed,
ORD0004173,C039458,L04,2024-08-15 12:56:12,2024-08-15,Third-party Delivery,Bank Transfer,Completed,
ORD0102792,C011952,L02,2026-05-09 12:27:41,2026-05-09,Dine-in,Bank Transfer,Completed,
ORD0029605,C042931,L11,2025-02-08 18:48:22,2025-02-08,Website/App,Wallet/USSD,Completed,P028
ORD0109842,C052934,L04,2026-06-17 15:56:41,2026-06-17,Takeaway,Bank Transfer,Completed,
ORD0005739,C039324,L11,2024-08-30 17:56:55,2024-08-30,Dine-in,Bank Transfer,Completed,P041
ORD0103495,C035180,L04,2026-05-11 18:32:40,2026-05-11,Website/App,Card,Completed,
ORD0032196,C004100,L09,2025-03-01 08:15:59,2025-03-01,Takeaway,Bank Transfer,Completed,
ORD0048382,C021600,L08,2025-06-08 18:51:59,2025-06-08,Takeaway,Cash,Completed,P016
ORD0022731,C029360,L13,2024-12-25 12:23:06,2024-12-25,Third-party Delivery,Wallet/USSD,Completed,
ORD0054595,C014693,L03,2025-07-18 10:23:55,2025-07-18,Takeaway,Card,Completed,
ORD0015699,C038891,L02,2024-11-15 20:35:08,2024-11-15,Dine-in,Card,Completed,
ORD0058582,C019237,L03,2025-08-13 13:07:09,2025-08-13,Website/App,Wallet/USSD,Completed,P029
ORD0021554,C022075,L03,2024-12-19 21:08:07,2024-12-19,Website/App,Bank Transfer,Completed,
ORD0002646,C030196,L19,2024-07-30 21:29:49,2024-07-30,Website/App,Card,Completed,
ORD0041722,C030945,L02,2025-04-26 21:30:17,2025-04-26,Third-party Delivery,Bank Transfer,Completed,
ORD0015206,C053941,L05,2024-11-11 20:14:06,2024-11-11,Dine-in,Bank Transfer,Completed,
ORD0093936,C006235,L07,2026-03-21 14:50:14,2026-03-21,Dine-in,Card,Completed,
ORD0045399,C039660,L11,2025-05-21 16:34:20,2025-05-21,Website/App,Wallet/USSD,Completed,
ORD0027935,C053196,L09,2025-01-27 21:01:23,2025-01-27,Third-party Delivery,Wallet/USSD,Completed,P028
ORD0039036,C023100,L01,2025-04-11 12:33:04,2025-04-11,Dine-in,Wallet/USSD,Completed,P004
ORD0085446,C034282,L15,2026-01-24 14:42:04,2026-01-24,Third-party Delivery,Cash,Completed,
ORD0100824,C044980,L02,2026-05-01 14:41:59,2026-05-01,Takeaway,Card,Completed,
ORD0081255,C011123,L08,2025-12-27 16:48:18,2025-12-27,Third-party Delivery,Card,Completed,
ORD0070006,C016638,L09,2025-10-25 19:36:01,2025-10-25,Takeaway,Card,Completed,
ORD0045920,C015403,L09,2025-05-24 23:38:03,2025-05-24,Dine-in,Cash,Completed,
ORD0045619,C008832,L10,2025-05-23 14:24:50,2025-05-23,Dine-in,Bank Transfer,Completed,
ORD0089783,C054238,L09,2026-02-23 17:59:54,2026-02-23,Takeaway,Wallet/USSD,Completed,P034
ORD0099430,C013617,L02,2026-04-21 16:37:48,2026-04-21,Dine-in,Cash,COMPLETED ,
ORD0052277,C047013,L03,2025-06-30 18:38:57,2025-06-30,Dine-in,Cash,Completed,
ORD0087918,C020584,L20,2026-02-12 20:16:27,2026-02-12,Dine-in,Card,Completed,P003
ORD0001582,C000557,L09,2024-07-19 19:18:01,2024-07-19,Takeaway,Cash,Completed,
ORD0036155,C003050,L09,2025-03-23 19:11:15,2025-03-23,Third-party Delivery,Wallet/USSD,CANCELLED ,
ORD0011551,C027572,L12,2024-10-16 16:18:43,2024-10-16,Takeaway,Cash,Completed,
ORD0032580,C031954,L05,2025-03-03 13:34:40,2025-03-03,Dine-in,Cash,Completed,P033
ORD0034606,C020082,L07,2025-03-14 17:14:12,2025-03-14,Dine-in,Card,Completed,
ORD0003945,C014532,L01,2024-08-12 19:25:23,2024-08-12,Website/App,Card,Completed,
ORD0102122,C047532,L09,2026-05-06 16:13:59,2026-05-06,Dine-in,Bank Transfer,Completed,
ORD0018348,C027639,L04,2024-12-02 19:37:26,2024-12-02,Dine-in,Wallet/USSD,Completed,
ORD0087422,C048126,L16,2026-02-08 21:55:46,2026-02-08,Dine-in,Card,Completed,
ORD0071447,C001866,L01,2025-11-04 14:29:42,2025-11-04,Takeaway,Card,Completed,P020
ORD0040359,C017162,L13,2025-04-19 00:04:53,2025-04-19,Dine-in,Bank Transfer,Completed,
ORD0058611,C029529,L09,2025-08-13 15:11:44,2025-08-13,Dine-in,Cash,Completed,P043
