price_id,item_id,price,effective_from,effective_to
PR00001,M001,1750.0,2024-07-01,2025-01-16
PR00002,M001,1900.0,2025-01-17,2026-01-09
PR00003,M001,2050.0,2026-01-10,
PR00004,M002,2650.0,2025-01-03,2025-03-06
PR00005,M002,2500.0,2025-03-07,2026-01-04
PR00006,M002,2850.0,2026-01-05,
PR00007,M003,3500.0,2024-07-01,2025-01-12
PR00008,M003,3800.0,2025-01-13,2026-01-01
PR00009,M003,4150.0,2026-01-02,
PR00010,M004,1900.0,2024-07-01,2025-01-01
PR00011,M004,2050.0,2025-01-02,2025-12-19
PR00012,M004,2200.0,2025-12-20,
PR00013,M005,2700.0,2024-07-01,2024-12-23
PR00014,M005,2850.0,2024-12-24,2026-01-17
PR00015,M005,3050.0,2026-01-18,
PR00016,M006,3800.0,2024-12-04,2025-01-14
PR00017,M006,4050.0,2025-01-15,2026-01-18
PR00018,M006,0.0,2026-01-19,
PR00019,M007,2050.0,2024-07-01,2024-12-16
PR00020,M007,2200.0,2024-12-17,2026-01-12
PR00021,M007,2350.0,2026-01-13,
PR00022,M008,2900.0,2024-07-01,2024-12-20
PR00023,M008,3150.0,2024-12-21,2026-01-16
PR00024,M008,3350.0,2026-01-17,
PR00025,M009,4050.0,2024-07-01,2025-01-16
PR00026,M009,4300.0,2025-01-17,2026-01-16
PR00027,M009,4700.0,2026-01-17,
PR00028,M010,1550.0,2024-07-01,2025-01-06
PR00029,M010,1650.0,2025-01-07,2025-03-07
PR00030,M010,2050.0,2025-03-08,2025-12-22
PR00031,M010,1750.0,2025-12-23,2025-12-31
PR00032,M010,2350.0,2026-01-01,
PR00033,M011,2200.0,2024-07-01,2025-01-05
PR00034,M011,2400.0,2025-01-06,2025-12-23
PR00035,M011,2550.0,2025-12-24,
PR00036,M012,3100.0,2024-07-01,2024-12-31
PR00037,M012,3350.0,2025-01-01,2025-12-26
PR00038,M012,3600.0,2025-12-27,
PR00039,M013,1950.0,2024-07-01,2025-01-09
PR00040,M013,2100.0,2025-01-10,2025-12-22
PR00041,M013,2250.0,2025-12-23,
PR00042,M014,2800.0,2024-07-01,2025-01-19
PR00043,M014,3000.0,2025-01-20,2025-12-23
PR00044,M014,3150.0,2025-12-24,
PR00045,M015,3900.0,2024-07-01,2024-12-20
PR00046,M015,4200.0,2024-12-21,2026-01-12
PR00047,M015,4450.0,2026-01-13,
PR00048,M016,2250.0,2024-07-01,2025-01-17
PR00049,M016,2400.0,2025-01-18,2025-05-23
PR00050,M016,3000.0,2025-05-24,2025-10-28
PR00051,M016,3450.0,2025-10-29,2026-01-15
PR00052,M016,2550.0,2026-01-16,
PR00053,M017,3200.0,2024-07-01,2024-12-25
PR00054,M017,3450.0,2024-12-26,2025-12-31
PR00055,M017,3600.0,2026-01-01,
PR00056,M018,4500.0,2024-07-01,2025-01-06
PR00057,M018,4900.0,2025-01-07,2025-12-16
PR00058,M018,5300.0,2025-12-17,
PR00059,M019,2500.0,2024-07-01,2025-01-14
PR00060,M019,2650.0,2025-01-15,2026-01-16
PR00061,M019,2850.0,2026-01-17,
PR00062,M020,3600.0,2024-07-01,2025-01-04
PR00063,M020,3850.0,2025-01-05,2026-01-13
PR00064,M020,4050.0,2026-01-14,
PR00065,M021,5400.0,2024-12-24,2025-01-18
PR00066,M021,5050.0,2025-01-19,2025-12-16
PR00067,M021,5700.0,2025-12-17,
PR00068,M022,1700.0,2024-07-01,2025-01-01
PR00069,M022,2200.0,2025-01-02,2025-01-10
PR00070,M022,1850.0,2025-01-11,2026-01-17
PR00071,M022,2000.0,2026-01-18,
PR00072,M023,2400.0,2024-07-01,2024-12-27
PR00073,M023,2600.0,2024-12-28,2025-12-18
PR00074,M023,2800.0,2025-12-19,
PR00075,M024,3350.0,2024-07-01,2025-01-08
PR00076,M024,3650.0,2025-01-09,2025-10-27
PR00077,M024,4250.0,2025-10-28,2025-12-18
PR00078,M024,3850.0,2025-12-19,
PR00079,M025,3200.0,2024-07-01,2024-12-16
PR00080,M025,3450.0,2024-12-17,2026-01-16
PR00081,M025,3750.0,2026-01-17,
PR00082,M026,3800.0,2024-07-01,2024-12-20
PR00083,M026,4000.0,2024-12-21,2025-12-18
PR00084,M026,4300.0,2025-12-19,
PR00085,M027,3250.0,2024-12-25,2026-01-19
PR00086,M027,3550.0,2026-01-20,2026-05-14
PR00087,M027,3000.0,2026-05-15,
PR00088,M028,2650.0,2024-07-01,2025-01-11
PR00089,M028,2900.0,2025-01-12,2025-12-31
PR00090,M028,3100.0,2026-01-01,
PR00091,M029,3800.0,2024-07-01,2025-01-14
PR00092,M029,4000.0,2025-01-15,2026-01-09
PR00093,M029,4200.0,2026-01-10,
PR00094,M030,5300.0,2024-07-01,2025-01-07
PR00095,M030,5600.0,2025-01-08,2025-12-24
PR00096,M030,6100.0,2025-12-25,
PR00097,M031,2950.0,2024-07-01,2025-01-09
PR00098,M031,3200.0,2025-01-10,2026-01-09
PR00099,M031,3400.0,2026-01-10,
PR00100,M032,4200.0,2024-07-01,2025-01-02
PR00101,M032,4550.0,2025-01-03,2026-01-11
PR00102,M032,4800.0,2026-01-12,
PR00103,M033,6350.0,2025-01-04,2025-05-30
PR00104,M033,5900.0,2025-05-31,2026-01-19
PR00105,M033,6900.0,2026-01-20,
PR00106,M034,2400.0,2024-07-01,2025-01-11
PR00107,M034,2550.0,2025-01-12,2026-01-12
PR00108,M034,2750.0,2026-01-13,
PR00109,M035,3400.0,2024-07-01,2025-01-05
PR00110,M035,3600.0,2025-01-06,2025-03-06
PR00111,M035,4250.0,2025-03-07,2025-12-17
PR00112,M035,3850.0,2025-12-18,
PR00113,M036,4750.0,2024-07-01,2024-12-30
PR00114,M036,5000.0,2024-12-31,2026-01-02
PR00115,M036,5300.0,2026-01-03,
PR00116,M037,3150.0,2024-07-01,2024-12-23
PR00117,M037,3400.0,2024-12-24,2025-12-21
PR00118,M037,3650.0,2025-12-22,
PR00119,M038,4500.0,2024-07-01,2025-01-10
PR00120,M038,4750.0,2025-01-11,2026-01-16
PR00121,M038,5000.0,2026-01-17,
PR00122,M039,6300.0,2024-07-01,2025-01-12
PR00123,M039,6750.0,2025-01-13,2025-12-27
PR00124,M039,7150.0,2025-12-28,
PR00125,M040,3000.0,2024-07-01,2024-12-19
PR00126,M040,3200.0,2024-12-20,2025-04-22
PR00127,M040,4150.0,2025-04-23,2025-11-05
PR00128,M040,4750.0,2025-11-06,2026-01-14
PR00129,M040,3500.0,2026-01-15,
PR00130,M041,4300.0,2024-07-01,2025-01-13
PR00131,M041,4550.0,2025-01-14,2026-01-10
PR00132,M041,4900.0,2026-01-11,
PR00133,M042,6000.0,2024-07-01,2024-12-20
PR00134,M042,6350.0,2024-12-21,2026-01-11
PR00135,M042,6800.0,2026-01-12,
PR00136,M043,2700.0,2024-12-18,2025-03-08
PR00137,M043,2500.0,2025-03-09,2025-12-28
PR00138,M043,2900.0,2025-12-29,
PR00139,M044,3600.0,2024-07-01,2024-12-31
PR00140,M044,3800.0,2025-01-01,2026-01-11
PR00141,M044,4000.0,2026-01-12,
PR00142,M045,5050.0,2024-07-01,2025-01-08
PR00143,M045,5450.0,2025-01-09,2026-01-12
PR00144,M045,5900.0,2026-01-13,
PR00145,M046,3100.0,2024-07-01,2025-01-05
PR00146,M046,3250.0,2025-01-06,2025-12-25
PR00147,M046,3450.0,2025-12-26,
PR00148,M047,4400.0,2024-07-01,2025-01-04
PR00149,M047,4700.0,2025-01-05,2025-04-06
PR00150,M047,5500.0,2025-04-07,2026-01-17
PR00151,M047,5000.0,2026-01-18,
PR00152,M048,6150.0,2024-07-01,2025-01-15
PR00153,M048,6500.0,2025-01-16,2026-01-07
PR00154,M048,6900.0,2026-01-08,
PR00155,M049,2250.0,2024-07-01,2024-12-17
PR00156,M049,2450.0,2024-12-18,2025-03-27
PR00157,M049,3050.0,2025-03-28,2026-01-06
PR00158,M049,2600.0,2026-01-07,2026-01-22
PR00159,M049,3500.0,2026-01-23,
PR00160,M050,3200.0,2024-07-01,2025-01-12
PR00161,M050,3450.0,2025-01-13,2025-12-26
PR00162,M050,3600.0,2025-12-27,
PR00163,M051,4500.0,2024-07-01,2024-12-16
PR00164,M051,4800.0,2024-12-17,2026-01-07
PR00165,M051,5100.0,2026-01-08,
PR00166,M052,2100.0,2024-07-01,2024-12-22
PR00167,M052,2250.0,2024-12-23,2025-12-28
PR00168,M052,2400.0,2025-12-29,
PR00169,M053,3200.0,2025-01-06,2025-05-29
PR00170,M053,3000.0,2025-05-30,2026-01-04
PR00171,M053,3400.0,2026-01-05,
PR00172,M054,4200.0,2024-07-01,2024-12-20
PR00173,M054,4450.0,2024-12-21,2026-01-18
PR00174,M054,4700.0,2026-01-19,
PR00175,M055,2800.0,2024-07-01,2024-12-26
PR00176,M055,3050.0,2024-12-27,2025-12-19
PR00177,M055,3300.0,2025-12-20,
PR00178,M056,4000.0,2024-07-01,2024-12-29
PR00179,M056,4300.0,2024-12-30,2026-01-13
PR00180,M056,4600.0,2026-01-14,
PR00181,M057,5600.0,2024-07-01,2025-01-14
PR00182,M057,5950.0,2025-01-15,2025-12-28
PR00183,M057,6300.0,2025-12-29,
PR00184,M058,2300.0,2024-07-01,2024-12-26
PR00185,M058,2400.0,2024-12-27,2025-12-21
PR00186,M058,2550.0,2025-12-22,
PR00187,M059,3300.0,2024-07-01,2025-01-15
PR00188,M059,3600.0,2025-01-16,2026-01-16
PR00189,M059,3800.0,2026-01-17,
PR00190,M060,4600.0,2024-07-01,2025-01-01
PR00191,M060,4900.0,2025-01-02,2025-12-25
PR00192,M060,5250.0,2025-12-26,
PR00193,M061,3500.0,2025-01-05,2025-03-21
PR00194,M061,3350.0,2025-03-22,2026-01-04
PR00195,M061,3800.0,2026-01-05,
PR00196,M062,4800.0,2024-07-01,2025-01-19
PR00197,M062,5150.0,2025-01-20,2025-12-27
PR00198,M062,5550.0,2025-12-28,
PR00199,M063,6700.0,2024-07-01,2025-01-03
PR00200,M063,7100.0,2025-01-04,2026-01-08
PR00201,M063,7500.0,2026-01-09,
PR00202,M064,6500.0,2024-07-01,2025-01-05
PR00203,M064,6850.0,2025-01-06,2026-01-10
PR00204,M064,7400.0,2026-01-11,
PR00205,M065,5500.0,2024-07-01,2024-12-30
PR00206,M065,5850.0,2024-12-31,2025-06-10
PR00207,M065,7300.0,2025-06-11,2025-12-20
PR00208,M065,8400.0,2025-12-21,2025-12-23
PR00209,M065,6200.0,2025-12-24,
PR00210,M066,2500.0,2024-07-01,2024-12-22
PR00211,M066,2650.0,2024-12-23,2025-12-28
PR00212,M066,2800.0,2025-12-29,
PR00213,M067,3500.0,2024-07-01,2025-01-08
PR00214,M067,3800.0,2025-01-09,2025-12-19
PR00215,M067,4050.0,2025-12-20,
PR00216,M068,2800.0,2024-07-01,2025-01-16
PR00217,M068,2950.0,2025-01-17,2025-12-18
PR00218,M068,3150.0,2025-12-19,
PR00219,M069,3900.0,2024-07-01,2024-12-17
PR00220,M069,4150.0,2024-12-18,2025-12-28
PR00221,M069,4450.0,2025-12-29,
PR00222,M070,5200.0,2024-07-01,2025-01-03
PR00223,M070,5500.0,2025-01-04,2025-12-30
PR00224,M070,5950.0,2025-12-31,
PR00225,M071,7300.0,2024-07-01,2025-01-18
PR00226,M071,7800.0,2025-01-19,2026-01-15
PR00227,M071,8400.0,2026-01-16,
PR00228,M072,0.0,2024-07-01,2025-01-12
PR00229,M072,6150.0,2025-01-13,2026-01-06
PR00230,M072,6650.0,2026-01-07,
PR00231,M073,8100.0,2024-07-01,2024-12-25
PR00232,M073,8750.0,2024-12-26,2026-01-11
PR00233,M073,9250.0,2026-01-12,
PR00234,M074,4500.0,2024-07-01,2024-12-26
PR00235,M074,4800.0,2024-12-27,2026-01-15
PR00236,M074,5150.0,2026-01-16,
PR00237,M075,6300.0,2024-07-01,2025-01-14
PR00238,M075,6850.0,2025-01-15,2025-12-16
PR00239,M075,7200.0,2025-12-17,
PR00240,M076,4800.0,2024-07-01,2024-12-25
PR00241,M076,5100.0,2024-12-26,2025-12-16
PR00242,M076,5450.0,2025-12-17,
PR00243,M077,6700.0,2024-07-01,2025-01-02
PR00244,M077,7250.0,2025-01-03,2025-12-31
PR00245,M077,7850.0,2026-01-01,
PR00246,M078,5000.0,2024-07-01,2024-12-16
PR00247,M078,5350.0,2024-12-17,2026-01-12
PR00248,M078,5750.0,2026-01-13,
PR00249,M079,7000.0,2024-07-01,2025-01-01
PR00250,M079,7400.0,2025-01-02,2026-01-12
