rating_id,order_id,item_id,customer_id,rating_date,rating_value
R0000001,ORD0000033,M022,C009685,2024-07-01,3
R0000002,ORD0000054,M044,C011177,2024-07-01,3
R0000003,ORD0000054,M095,C011177,2024-07-01,4
R0000004,ORD0000006,M085,C014939,2024-07-01,4
R0000005,ORD0000006,M112,C014939,2024-07-01,3
R0000006,ORD0000057,M022,C023643,2024-07-01,4
R0000007,ORD0000057,M083,C023643,2024-07-01,4
R0000008,ORD0000048,M085,C024720,2024-07-01,3
R0000009,ORD0000014,M017,C024729,2024-07-01,5
R0000010,ORD0000025,M051,C026088,2024-07-01,3
R0000011,ORD0000001,M096,C034121,2024-07-01,3
R0000012,ORD0000034,M090,C035630,2024-07-01,4
R0000013,ORD0000037,M134,C043182,2024-07-01,5
R0000014,ORD0000037,M139,C043182,2024-07-01,4
R0000015,ORD0000038,M078,C043316,2024-07-01,5
R0000016,ORD0000118,M026,C002141,2024-07-02,5
R0000017,ORD0000051,M013,C004456,2024-07-02,5
R0000018,ORD0000051,M136,C004456,2024-07-02,3
R0000019,ORD0000056,M049,C006365,2024-07-02,4
R0000020,ORD0000004,M126,C008411,2024-07-02,4
R0000021,ORD0000075,M055,C010091,2024-07-02,4
R0000022,ORD0000078,M037,C011008,2024-07-02,5
R0000023,ORD0000078,M104,C011008,2024-07-02,4
R0000024,ORD0000040,M026,C011049,2024-07-02,5
R0000025,ORD0000054,M083,C011177,2024-07-02,4
R0000026,ORD0000067,M124,C014866,2024-07-02,0
R0000027,ORD0000067,M142,C014866,2024-07-02,4
R0000028,ORD0000067,M145,C014866,2024-07-02,3
R0000029,ORD0000006,M142,C014939,2024-07-02,3
R0000030,ORD0000019,M096,C016575,2024-07-02,4
R0000031,ORD0000035,M062,C019833,2024-07-02,4
R0000032,ORD0000096,M015,C020393,2024-07-02,5
R0000033,ORD0000096,M018,C020393,2024-07-02,4
R0000034,ORD0000031,M130,C023354,2024-07-02,5
R0000035,ORD0000057,M054,C023643,2024-07-02,5
R0000036,ORD0000066,M091,C023657,2024-07-02,4
R0000037,ORD0000129,M096,C029363,2024-07-02,5
R0000038,ORD0000134,M008,C030225,2024-07-02,3
R0000039,ORD0000110,M050,C030539,2024-07-02,3
R0000040,ORD0000093,M072,C031021,2024-07-02,4
R0000041,ORD0000126,M116,C032265,2024-07-02,5
R0000042,ORD0000017,M005,C032672,2024-07-02,5
R0000043,ORD0000017,M084,C032672,2024-07-02,4
R0000044,ORD0000102,M029,C032941,2024-07-02,4
R0000045,ORD0000128,M094,C034274,2024-07-02,4
R0000046,ORD0000053,M025,C036396,2024-07-02,3
R0000047,ORD0000053,M118,C036396,2024-07-02,3
R0000048,ORD0000085,M087,C041331,2024-07-02,1
R0000049,ORD0000083,M108,C045146,2024-07-02,4
R0000050,ORD0000060,M083,C046974,2024-07-02,5
R0000051,ORD0000060,M096,C046974,2024-07-02,5
R0000052,ORD0000060,M115,C046974,2024-07-02,4
R0000053,ORD0000103,M063,C000301,2024-07-03,4
R0000054,ORD0000103,M139,C000301,2024-07-03,3
R0000055,ORD0000030,M045,C001452,2024-07-03,4
R0000056,ORD0000030,M074,C001452,2024-07-03,4
R0000057,ORD0000008,M141,C002163,2024-07-03,5
R0000058,ORD0000059,M097,C002231,2024-07-03,4
R0000059,ORD0000015,M088,C002762,2024-07-03,4
R0000060,ORD0000190,M107,C002920,2024-07-03,4
R0000061,ORD0000195,M059,C004989,2024-07-03,5
R0000062,ORD0000143,M023,C007996,2024-07-03,5
R0000063,ORD0000138,M125,C008638,2024-07-03,5
R0000064,ORD0000156,M137,C009395,2024-07-03,5
R0000065,ORD0000181,M020,C011585,2024-07-03,3
R0000066,ORD0000028,M096,C015162,2024-07-03,3
R0000067,ORD0000101,M161,C017460,2024-07-03,4
R0000068,ORD0000002,M025,C017824,2024-07-03,4
R0000069,ORD0000145,M008,C018779,2024-07-03,4
R0000070,ORD0000068,M126,C020682,2024-07-03,4
R0000071,ORD0000045,M062,C023366,2024-07-03,4
R0000072,ORD0000045,M145,C023366,2024-07-03,4
R0000073,ORD0000057,M011,C023643,2024-07-03,4
R0000074,ORD0000057,M038,C023643,2024-07-03,4
R0000075,ORD0000039,M035,C025303,2024-07-03,4
R0000076,ORD9999999,M011,C026088,2024-07-03,3
R0000077,ORD0000025,M057,C026088,2024-07-03,5
R0000078,ORD0000177,M008,C027807,2024-07-03,5
R0000079,ORD0000077,M025,C033456,2024-07-03,4
R0000080,ORD0000001,M083,C034121,2024-07-03,5
R0000081,ORD0000001,M088,C034121,2024-07-03,3
R0000082,ORD0000161,M091,C034618,2024-07-03,4
R0000083,ORD0000072,M026,C035134,2024-07-03,5
R0000084,ORD0000034,M083,C035630,2024-07-03,5
R0000085,ORD0000043,M046,C036324,2024-07-03,5
R0000086,ORD0000157,M011,C036447,2024-07-03,5
R0000087,ORD0000157,M022,C036447,2024-07-03,3
R0000088,ORD0000157,M074,C036447,2024-07-03,4
R0000089,ORD0000140,M125,C040629,2024-07-03,4
R0000090,ORD0000140,M126,C040629,2024-07-03,3
R0000091,ORD0000088,M074,C041988,2024-07-03,4
R0000092,ORD0000092,M093,C045407,2024-07-03,4
R0000093,ORD0000151,M019,C046173,2024-07-03,5
R0000094,ORD0000151,M067,C046173,2024-07-03,2
R0000095,ORD0000064,M124,C046313,2024-07-03,2
R0000096,ORD0000027,M054,C046778,2024-07-03,3
R0000097,ORD0000099,M151,C047013,2024-07-03,4
R0000098,ORD0000105,M130,C048297,2024-07-03,4
R0000099,ORD0000044,M037,C049444,2024-07-03,4
R0000100,ORD0000144,M055,C049627,2024-07-03,5
R0000101,ORD0000121,M104,C049930,2024-07-03,4
R0000102,ORD0000166,M041,C052252,2024-07-03,5
R0000103,ORD0000116,M086,C053492,2024-07-03,4
R0000104,ORD0000162,M028,C054172,2024-07-03,4
R0000105,ORD0000162,M083,C054172,2024-07-03,5
R0000106,ORD0000191,M083,C000107,2024-07-04,3
R0000107,ORD0000192,M017,C001510,2024-07-04,5
R0000108,ORD0000118,M035,C002141,2024-07-04,4
R0000109,ORD0000091,M049,C004454,2024-07-04,0
R0000110,ORD0000091,M116,C004454,2024-07-04,3
R0000111,ORD0000022,M052,C004544,2024-07-04,3
R0000112,ORD0000248,M144,C004613,2024-07-04,4
R0000113,ORD0000114,M058,C006510,2024-07-04,4
R0000114,ORD0000189,M013,C006518,2024-07-04,5
R0000115,ORD0000106,M130,C007054,2024-07-04,2
R0000116,ORD0000241,M011,C007155,2024-07-04,5
R0000117,ORD0000206,M154,C007451,2024-07-04,4
R0000118,ORD0000004,M080,C008411,2024-07-04,5
R0000119,ORD0000133,M142,C008581,2024-07-04,5
R0000120,ORD0000156,M140,C009395,2024-07-04,2
R0000121,ORD0000156,M145,C009395,2024-07-04,1
R0000122,ORD0000223,M072,C013451,2024-07-04,4
R0000123,ORD0000148,M047,C014688,2024-07-04,4
R0000124,ORD0000067,M126,C014866,2024-07-04,4
R0000125,ORD0000169,M046,C014911,2024-07-04,4
R0000126,ORD0000094,M066,C015160,2024-07-04,5
R0000127,ORD0000090,M051,C016572,2024-07-04,5
R0000128,ORD0000098,M131,C018588,2024-07-04,5
R0000129,ORD0000147,M112,C019631,2024-07-04,4
R0000130,ORD0000035,M080,C019833,2024-07-04,5
R0000131,ORD0000215,M020,C019946,2024-07-04,4
R0000132,ORD0000068,M124,C020682,2024-07-04,4
R0000133,ORD0000061,M122,C020885,2024-07-04,5
R0000134,ORD0000104,M025,C021766,2024-07-04,5
R0000135,ORD0000185,M024,C022075,2024-07-04,4
R0000136,ORD0000012,M145,C022146,2024-07-04,4
R0000137,ORD0000057,M024,C023643,2024-07-04,4
R0000138,ORD0000081,M058,C023692,2024-07-04,4
R0000139,ORD0000238,M104,C023919,2024-07-04,4
R0000140,ORD0000039,M116,C025303,2024-07-04,3
R0000141,ORD0000216,M003,C026801,2024-07-04,5
R0000142,ORD0000011,M101,C027611,2024-07-04,4
R0000143,ORD0000062,M122,C032849,2024-07-04,4
R0000144,ORD0000171,M034,C033708,2024-07-04,4
R0000145,ORD0000130,M044,C033828,2024-07-04,3
R0000146,ORD0000050,M026,C036141,2024-07-04,5
R0000147,ORD0000200,M124,C036537,2024-07-04,3
R0000148,ORD0000252,M064,C037201,2024-07-04,3
R0000149,ORD0000108,M030,C037496,2024-07-04,4
R0000150,ORD0000154,M117,C038502,2024-07-04,5
R0000151,ORD0000131,M089,C041804,2024-07-04,3
R0000152,ORD0000234,M020,C042814,2024-07-04,3
R0000153,ORD0000037,M011,C043182,2024-07-04,4
R0000154,ORD0000038,M018,C043316,2024-07-04,4
R0000155,ORD0000117,M065,C043359,2024-07-04,5
R0000156,ORD0000092,M068,C045407,2024-07-04,4
R0000157,ORD0000224,M070,C045572,2024-07-04,4
R0000158,ORD0000230,M055,C046210,2024-07-04,4
R0000159,ORD0000230,M066,C046210,2024-07-04,5
R0000160,ORD0000027,M137,C046778,2024-07-04,4
R0000161,ORD0000041,M023,C046923,2024-07-04,4
R0000162,ORD0000041,M065,C046923,2024-07-04,4
R0000163,ORD0000099,M064,C047013,2024-07-04,4
R0000164,ORD0000144,M020,C049627,2024-07-04,4
R0000165,ORD0000144,M025,C049627,2024-07-04,4
R0000166,ORD0000208,M014,C050156,2024-07-04,5
R0000167,ORD0000222,M104,C051246,2024-07-04,3
R0000168,ORD0000127,M007,C051586,2024-07-04,4
R0000169,ORD0000020,M058,C052864,2024-07-04,3
R0000170,ORD0000191,M140,C000107,2024-07-05,2
R0000171,ORD0000103,M019,C000301,2024-07-05,5
R0000172,ORD0000103,M040,C000301,2024-07-05,5
R0000173,ORD0000227,M116,C001195,2024-07-05,4
R0000174,ORD0000218,M018,C002585,2024-07-05,4
R0000175,ORD0000218,M035,C002585,2024-07-05,4
R0000176,ORD0000317,M073,C002625,2024-07-05,5
R0000177,ORD0000341,M050,C003422,2024-07-05,4
R0000178,ORD0000341,M117,C003422,2024-07-05,3
R0000179,ORD0000091,M108,C004454,2024-07-05,3
R0000180,ORD0000201,M124,C005104,2024-07-05,2
R0000181,ORD0000106,M042,C007054,2024-07-05,5
R0000182,ORD0000106,M083,C007054,2024-07-05,4
R0000183,ORD0000241,M144,C007155,2024-07-05,3
R0000184,ORD0000133,M083,C008581,2024-07-05,3
R0000185,ORD0000297,M049,C009576,2024-07-05,4
R0000186,ORD0000302,M083,,2024-07-05,5
R0000187,ORD0000301,M005,C011910,2024-07-05,5
R0000188,ORD0000233,M020,C012376,2024-07-05,3
R0000189,ORD0000139,M151,C012838,2024-07-05,3
R0000190,ORD0000212,M094,C013258,2024-07-05,4
R0000191,ORD0000232,M073,C013538,2024-07-05,5
R0000192,ORD0000232,M085,C013538,2024-07-05,5
R0000193,ORD0000310,M076,C013561,2024-07-05,3
R0000194,ORD0000148,M014,C014688,2024-07-05,4
R0000195,ORD0000089,M018,C017641,2024-07-05,4
R0000196,ORD0000095,M044,C017700,2024-07-05,2
R0000197,ORD0000199,M145,C020399,2024-07-05,4
R0000198,ORD0000136,M081,C020539,2024-07-05,4
R0000199,ORD0000243,M080,C020670,2024-07-05,4
R0000200,ORD0000068,M093,C020682,2024-07-05,3
R0000201,ORD0000061,M161,C020885,2024-07-05,5
R0000202,ORD0000066,M132,C023657,2024-07-05,5
R0000203,ORD0000165,M045,C025284,2024-07-05,3
R0000204,ORD0000265,M064,C026653,2024-07-05,5
R0000205,ORD0000216,M144,C026801,2024-07-05,2
R0000206,ORD0000084,M112,C026892,2024-07-05,4
R0000207,ORD0000150,M046,C028413,2024-07-05,5
R0000208,ORD0000179,M134,C028984,2024-07-05,5
R0000209,ORD0000338,M026,C029100,2024-07-05,5
R0000210,ORD0000270,M107,C029757,2024-07-05,4
R0000211,ORD0000134,M040,C030225,2024-07-05,4
R0000212,ORD0000134,M085,C030225,2024-07-05,5
R0000213,ORD0000110,M034,C030539,2024-07-05,2
R0000214,ORD0000110,M055,C030539,2024-07-05,5
R0000215,ORD0000126,M081,C032265,2024-07-05,4
R0000216,ORD0000126,M140,C032265,2024-07-05,3
R0000217,ORD0000260,M072,C034164,2024-07-05,4
R0000218,ORD0000128,M049,C034274,2024-07-05,4
R0000219,ORD0000287,M035,C034469,2024-07-05,5
R0000220,ORD0000161,M018,C034618,2024-07-05,4
R0000221,ORD0000132,M083,C034758,2024-07-05,5
R0000222,ORD0000259,M066,C034853,2024-07-05,4
R0000223,ORD0000074,M141,C035450,2024-07-05,3
R0000224,ORD0000344,M096,C036287,2024-07-05,5
R0000225,ORD0000122,M140,C037442,2024-07-05,3
R0000226,ORD0000154,M025,C038502,2024-07-05,4
R0000227,ORD0000154,M058,C038502,2024-07-05,4
R0000228,ORD0000319,M086,C038666,2024-07-05,5
R0000229,ORD0000289,M035,C039381,2024-07-05,5
R0000230,ORD0000269,M087,C040832,2024-07-05,3
R0000231,ORD0000269,M123,C040832,2024-07-05,5
R0000232,ORD0000085,M080,C041331,2024-07-05,5
R0000233,ORD0000250,M034,C041981,2024-07-05,5
R0000234,ORD0000250,M141,C041981,2024-07-05,4
R0000235,ORD0000276,M020,C042379,2024-07-05,3
R0000236,ORD0000276,M037,C042379,2024-07-05,4
R0000237,ORD0000064,M126,C046313,2024-07-05,3
R0000238,ORD0000099,M046,C047013,2024-07-05,4
R0000239,ORD0000280,M083,C047486,2024-07-05,4
R0000240,ORD0000176,M090,C051352,2024-07-05,3
R0000241,ORD0000235,M096,C051878,2024-07-05,3
R0000242,ORD0000186,M140,C053614,2024-07-05,5
R0000243,ORD0000162,M140,C054172,2024-07-05,4
R0000244,ORD0000191,M085,C000107,2024-07-06,4
R0000245,ORD0000408,M121,C002298,2024-07-06,4
R0000246,ORD0000218,M093,C002585,2024-07-06,3
R0000247,ORD0000218,M117,C002585,2024-07-06,5
R0000248,ORD0000381,M026,C003086,2024-07-06,5
R0000249,ORD0000398,M145,C003926,2024-07-06,3
R0000250,ORD0000228,M026,,2024-07-06,5
