wastage_id,item_id,location_id,waste_date,quantity_wasted,unit_cost,wastage_cost,reason
W0000001,M026,L01,2024-07-01,2,3420,6840.0,Overproduction
W0000002,M106,L01,2024-07-01,2,540,1080.0,Spoilage
W0000003,M145,L01,2024-07-01,1,950,950.0,Overproduction
W0000004,M161,L02,2024-07-01,2,2030,4060.0,Expired
W0000005,M139,L03,2024-07-01,2,210,420.0,Overproduction
W0000006,M142,L03,2024-07-01,2,1340,2680.0,Overproduction
W0000007,M014,L04,2024-07-01,3,1000,3000.0,Spoilage
W0000008,M044,L05,2024-07-01,2,1630,3260.0,Expired
W0000009,M083,L05,2024-07-01,1,2730,2730.0,Overproduction
W0000010,M025,L06,2024-07-01,1,4000,4000.0,Spoilage
W0000011,M058,L06,2024-07-01,3,1030,3090.0,Expired
W0000012,M083,L06,2024-07-01,1,2730,2730.0,Spoilage
W0000013,M025,L07,2024-07-01,2,4000,8000.0,Preparation error
W0000014,M022,L08,2024-07-01,1,620,620.0,Overproduction
W0000015,M083,L08,2024-07-01,1,2730,2730.0,Spoilage
W0000016,M010,L09,2024-07-01,1,610,610.0,Overproduction
W0000017,M025,L09,2024-07-01,1,4000,4000.0,Overproduction
W0000018,M026,L09,2024-07-01,1,3420,3420.0,Spoilage
W0000019,M034,L09,2024-07-01,4,1100,4400.0,Preparation error
W0000020,M085,L09,2024-07-01,1,400,400.0,Spoilage
W0000021,M091,L10,2024-07-01,1,820,820.0,Customer return
W0000022,M105,L12,2024-07-01,1,710,710.0,Spoilage
W0000023,M136,L12,2024-07-01,2,420,840.0,Customer return
W0000024,M015,L13,2024-07-01,3,1530,4590.0,Overproduction
W0000025,M018,L13,2024-07-01,2,1920,3840.0,Overproduction
W0000026,M038,L13,2024-07-01,2,2120,4240.0,Overproduction
W0000027,M091,L13,2024-07-01,4,820,3280.0,Customer return
W0000028,M068,L14,2024-07-01,1,1210,1210.0,Preparation error
W0000029,M042,L15,2024-07-01,1,2490,2490.0,Expired
W0000030,M083,L15,2024-07-01,1,2730,2730.0,Expired
W0000031,M064,L16,2024-07-01,1,3220,3220.0,Preparation error
W0000032,M065,L16,2024-07-01,2,2480,4960.0,Preparation error
W0000033,M085,L17,2024-07-01,2,400,800.0,Overproduction
W0000034,M042,L18,2024-07-01,1,2490,2490.0,Preparation error
W0000035,M014,L19,2024-07-01,2,1000,2000.0,Expired
W0000036,M103,L19,2024-07-01,1,1920,1920.0,Preparation error
W0000037,M132,L19,2024-07-01,2,720,1440.0,Expired
W0000038,M007,L01,2024-07-02,2,790,1580.0,Spoilage
W0000039,M026,L01,2024-07-02,2,3420,6840.0,Overproduction
W0000040,M026,L01,2024-07-02,2,3420,6840.0,Expired
W0000041,M055,L01,2024-07-02,2,1190,2380.0,Customer return
W0000042,M124,L01,2024-07-02,2,920,1840.0,Spoilage
W0000043,M083,L02,2024-07-02,1,2730,2730.0,Spoilage
W0000044,M103,L02,2024-07-02,1,1920,1920.0,Overproduction
W0000045,M087,L03,2024-07-02,1,430,430.0,Expired
W0000046,M047,L04,2024-07-02,1,2080,2080.0,Expired
W0000047,M083,L04,2024-07-02,3,2730,8190.0,Overproduction
W0000048,M083,L04,2024-07-02,1,2730,2730.0,Spoilage
W0000049,M023,L05,2024-07-02,1,990,990.0,Customer return
W0000050,M025,L05,2024-07-02,1,4000,4000.0,Expired
W0000051,M025,L05,2024-07-02,2,4000,8000.0,Preparation error
W0000052,M017,L06,2024-07-02,1,1350,1350.0,Preparation error
W0000053,M083,L06,2024-07-02,2,2730,5460.0,Expired
W0000054,M085,L06,2024-07-02,1,400,400.0,Overproduction
W0000055,M050,L07,2024-07-02,1,1320,1320.0,Overproduction
W0000056,M132,L08,2024-07-02,2,720,1440.0,Spoilage
W0000057,M025,L09,2024-07-02,1,4000,4000.0,Overproduction
W0000058,M026,L09,2024-07-02,1,3420,3420.0,Preparation error
W0000059,M083,L09,2024-07-02,1,2730,2730.0,Overproduction
W0000060,M131,L09,2024-07-02,1,830,830.0,Spoilage
W0000061,M139,L09,2024-07-02,3,210,630.0,Overproduction
W0000062,M151,L09,2024-07-02,2,360,720.0,Overproduction
W0000063,M160,L09,2024-07-02,2,1600,3200.0,Preparation error
W0000064,M105,L10,2024-07-02,1,710,710.0,Spoilage
W0000065,M124,L12,2024-07-02,1,920,920.0,Expired
W0000066,M137,L12,2024-07-02,2,390,780.0,Overproduction
W0000067,M140,L12,2024-07-02,1,490,490.0,Preparation error
W0000068,M083,L14,2024-07-02,2,2730,5460.0,Customer return
W0000069,M113,L15,2024-07-02,1,1640,1640.0,Preparation error
W0000070,M136,L15,2024-07-02,2,420,840.0,Overproduction
W0000071,M058,L16,2024-07-02,1,1030,1030.0,Customer return
W0000072,M062,L16,2024-07-02,1,2040,2040.0,Overproduction
W0000073,M096,L16,2024-07-02,1,750,750.0,Spoilage
W0000074,M032,L17,2024-07-02,1,1950,1950.0,Preparation error
W0000075,M042,L18,2024-07-02,2,2490,4980.0,Spoilage
W0000076,M086,L18,2024-07-02,1,320,320.0,Preparation error
W0000077,M046,L19,2024-07-02,3,1390,4170.0,Spoilage
W0000078,M140,L19,2024-07-02,3,490,1470.0,Preparation error
W0000079,M046,L01,2024-07-03,1,1390,1390.0,Overproduction
W0000080,M058,L01,2024-07-03,1,1030,1030.0,Preparation error
W0000081,M016,L02,2024-07-03,1,790,790.0,Spoilage
W0000082,M083,L02,2024-07-03,2,2730,5460.0,Overproduction
W0000083,M083,L02,2024-07-03,1,2730,2730.0,Overproduction
W0000084,M035,L03,2024-07-03,1,1530,1530.0,Overproduction
W0000085,M085,L03,2024-07-03,1,400,400.0,Expired
W0000086,M095,L03,2024-07-03,1,450,450.0,Expired
W0000087,M023,L04,2024-07-03,1,990,990.0,Spoilage
W0000088,M083,L05,2024-07-03,1,2730,2730.0,Overproduction
W0000089,M123,L05,2024-07-03,1,790,790.0,Overproduction
W0000090,M083,L06,2024-07-03,1,2730,2730.0,Preparation error
W0000091,M093,L06,2024-07-03,2,330,660.0,Overproduction
W0000092,M083,L07,2024-07-03,3,2730,8190.0,Overproduction
W0000093,M025,L09,2024-07-03,1,4000,4000.0,Overproduction
W0000094,M025,L09,2024-07-03,1,4000,4000.0,Preparation error
W0000095,M066,L09,2024-07-03,2,1180,2360.0,Overproduction
W0000096,M085,L09,2024-07-03,3,400,1200.0,Overproduction
W0000097,M094,L09,2024-07-03,1,1030,1030.0,Overproduction
W0000098,M096,L09,2024-07-03,1,750,750.0,Spoilage
W0000099,M097,L09,2024-07-03,1,430,430.0,Spoilage
W0000100,M106,L09,2024-07-03,1,540,540.0,Spoilage
W0000101,M145,L09,2024-07-03,2,950,1900.0,Spoilage
W0000102,M020,L10,2024-07-03,3,1390,4170.0,Overproduction
W0000103,M083,L10,2024-07-03,2,2730,5460.0,Spoilage
W0000104,M151,L10,2024-07-03,1,360,360.0,Customer return
W0000105,M074,L11,2024-07-03,1,1960,1960.0,Spoilage
W0000106,M026,L12,2024-07-03,1,3420,3420.0,Overproduction
W0000107,M088,L13,2024-07-03,1,650,650.0,Overproduction
W0000108,M096,L14,2024-07-03,1,750,750.0,Spoilage
W0000109,M124,L14,2024-07-03,3,920,2760.0,Spoilage
W0000110,M065,L16,2024-07-03,1,2480,2480.0,Spoilage
W0000111,M083,L16,2024-07-03,2,2730,5460.0,Overproduction
W0000112,M025,L17,2024-07-03,1,4000,4000.0,Overproduction
W0000113,M142,L17,2024-07-03,4,1340,5360.0,Customer return
W0000114,M011,L18,2024-07-03,2,930,1860.0,Preparation error
W0000115,M025,L18,2024-07-03,1,4000,4000.0,Preparation error
W0000116,M152,L18,2024-07-03,2,6340,12680.0,Customer return
W0000117,M034,L20,2024-07-03,1,1100,1100.0,Spoilage
W0000118,M018,L01,2024-07-04,3,1920,5760.0,Spoilage
W0000119,M026,L01,2024-07-04,1,3420,3420.0,Expired
W0000120,M070,L01,2024-07-04,2,2390,4780.0,Overproduction
W0000121,M134,L02,2024-07-04,1,790,790.0,Expired
W0000122,M035,L03,2024-07-04,1,1530,1530.0,Customer return
W0000123,M066,L03,2024-07-04,1,1180,1180.0,Expired
W0000124,M098,L03,2024-07-04,3,580,1740.0,Overproduction
W0000125,M108,L03,2024-07-04,1,530,530.0,Overproduction
W0000126,M112,L03,2024-07-04,3,1230,3690.0,Overproduction
W0000127,M145,L03,2024-07-04,2,950,1900.0,Overproduction
W0000128,M018,L04,2024-07-04,1,1920,1920.0,Overproduction
W0000129,M051,L04,2024-07-04,1,1960,1960.0,Overproduction
W0000130,M023,L05,2024-07-04,1,990,990.0,Preparation error
W0000131,M083,L05,2024-07-04,2,2730,5460.0,Overproduction
W0000132,M056,L06,2024-07-04,3,1920,5760.0,Overproduction
W0000133,M054,L08,2024-07-04,2,1680,3360.0,Overproduction
W0000134,M083,L08,2024-07-04,1,2730,2730.0,Preparation error
W0000135,M097,L08,2024-07-04,1,430,430.0,Spoilage
W0000136,M025,L09,2024-07-04,2,4000,8000.0,Expired
W0000137,M050,L09,2024-07-04,1,1320,1320.0,Spoilage
W0000138,M066,L09,2024-07-04,1,1180,1180.0,Preparation error
W0000139,M083,L09,2024-07-04,2,2730,5460.0,Spoilage
W0000140,M088,L09,2024-07-04,2,650,1300.0,Customer return
W0000141,M130,L10,2024-07-04,4,560,2240.0,Spoilage
W0000142,M083,L11,2024-07-04,3,2730,8190.0,Spoilage
W0000143,M127,L11,2024-07-04,1,560,560.0,Overproduction
W0000144,M018,L12,2024-07-04,1,1920,1920.0,Spoilage
W0000145,M025,L12,2024-07-04,1,4000,4000.0,Spoilage
W0000146,M140,L12,2024-07-04,2,490,980.0,Spoilage
W0000147,M025,L14,2024-07-04,2,4000,8000.0,Expired
W0000148,M083,L14,2024-07-04,2,2730,5460.0,Overproduction
W0000149,M083,L14,2024-07-04,2,2730,5460.0,Spoilage
W0000150,M004,L15,2024-07-04,3,760,2280.0,Overproduction
W0000151,M049,L15,2024-07-04,1,980,980.0,Preparation error
W0000152,M086,L15,2024-07-04,2,320,640.0,Overproduction
W0000153,M005,L16,2024-07-04,1,1110,1110.0,Spoilage
W0000154,M055,L16,2024-07-04,2,1190,2380.0,Overproduction
W0000155,M046,L17,2024-07-04,1,1390,1390.0,Overproduction
W0000156,M026,L18,2024-07-04,2,3420,6840.0,Spoilage
W0000157,M096,L18,2024-07-04,2,750,1500.0,Customer return
W0000158,M130,L20,2024-07-04,1,560,560.0,Spoilage
W0000159,M083,L01,2024-07-05,2,2730,5460.0,Overproduction
W0000160,M153,L01,2024-07-05,2,7430,14860.0,Spoilage
W0000161,M153,L01,2024-07-05,2,7430,14860.0,Overproduction
W0000162,M025,L02,2024-07-05,2,4000,8000.0,Spoilage
W0000163,M035,L02,2024-07-05,2,1530,3060.0,Expired
W0000164,M026,L03,2024-07-05,2,3420,6840.0,Overproduction
W0000165,M045,L04,2024-07-05,2,2250,4500.0,Overproduction
W0000166,M064,L04,2024-07-05,2,3220,6440.0,Overproduction
W0000167,M083,L05,2024-07-05,4,2730,10920.0,Expired
W0000168,M105,L05,2024-07-05,2,710,1420.0,Expired
W0000169,M023,L06,2024-07-05,1,990,990.0,Expired
W0000170,M069,L06,2024-07-05,1,1800,1800.0,Spoilage
W0000171,M086,L06,2024-07-05,2,320,640.0,Customer return
W0000172,M072,L07,2024-07-05,2,2420,4840.0,Overproduction
W0000173,M092,L07,2024-07-05,1,860,860.0,Spoilage
W0000174,M142,L08,2024-07-05,2,1340,2680.0,Spoilage
W0000175,M058,L09,2024-07-05,2,1030,2060.0,Overproduction
W0000176,M072,L09,2024-07-05,1,2420,2420.0,Overproduction
W0000177,M083,L09,2024-07-05,1,2730,2730.0,Spoilage
W0000178,M085,L09,2024-07-05,1,400,400.0,Overproduction
W0000179,M112,L09,2024-07-05,1,1230,1230.0,Overproduction
W0000180,M139,L09,2024-07-05,1,210,210.0,Overproduction
W0000181,M140,L09,2024-07-05,1,490,490.0,Overproduction
W0000182,M042,L12,2024-07-05,4,2490,9960.0,Preparation error
W0000183,M097,L12,2024-07-05,2,430,860.0,Expired
W0000184,M119,L12,2024-07-05,1,1720,1720.0,Overproduction
W0000185,M080,L13,2024-07-05,1,2110,2110.0,Spoilage
W0000186,M092,L13,2024-07-05,2,860,1720.0,Expired
W0000187,M083,L14,2024-07-05,1,2730,2730.0,Overproduction
W0000188,M056,L15,2024-07-05,1,1920,1920.0,Expired
W0000189,M152,L15,2024-07-05,1,6340,6340.0,Preparation error
W0000190,M025,L16,2024-07-05,1,4000,4000.0,Overproduction
W0000191,M038,L17,2024-07-05,1,2120,2120.0,Customer return
W0000192,M045,L18,2024-07-05,3,2250,6750.0,Preparation error
W0000193,M058,L18,2024-07-05,1,1030,1030.0,Overproduction
W0000194,M083,L18,2024-07-05,2,2730,5460.0,Preparation error
W0000195,M023,L01,2024-07-06,2,990,1980.0,Expired
W0000196,M078,L01,2024-07-06,1,2020,2020.0,Overproduction
W0000197,M083,L01,2024-07-06,1,2730,2730.0,Expired
W0000198,M091,L01,2024-07-06,3,820,2460.0,Customer return
W0000199,M094,L01,2024-07-06,1,1030,1030.0,Overproduction
W0000200,M158,L01,2024-07-06,2,4880,9760.0,Overproduction
W0000201,M014,L02,2024-07-06,2,1000,2000.0,Overproduction
W0000202,M025,L02,2024-07-06,1,4000,4000.0,Overproduction
W0000203,M026,L02,2024-07-06,1,3420,3420.0,Spoilage
W0000204,M081,L02,2024-07-06,1,2730,2730.0,Overproduction
W0000205,M083,L02,2024-07-06,1,2730,2730.0,Spoilage
W0000206,M085,L02,2024-07-06,1,400,400.0,Spoilage
W0000207,M160,L02,2024-07-06,1,1600,1600.0,Overproduction
W0000208,M025,L03,2024-07-06,1,4000,4000.0,Spoilage
W0000209,M054,L03,2024-07-06,2,1680,3360.0,Overproduction
W0000210,M096,L03,2024-07-06,2,750,1500.0,Spoilage
W0000211,M136,L03,2024-07-06,1,420,420.0,Spoilage
W0000212,M058,L04,2024-07-06,1,1030,1030.0,Overproduction
W0000213,M096,L04,2024-07-06,4,750,3000.0,Spoilage
W0000214,M025,L05,2024-07-06,1,4000,4000.0,Overproduction
W0000215,M007,L06,2024-07-06,1,790,790.0,Overproduction
W0000216,M069,L06,2024-07-06,1,1800,1800.0,Overproduction
W0000217,M075,L06,2024-07-06,2,2820,5640.0,Spoilage
W0000218,M080,L06,2024-07-06,3,2110,6330.0,Overproduction
W0000219,M112,L06,2024-07-06,3,1230,3690.0,Overproduction
W0000220,M083,L07,2024-07-06,2,2730,5460.0,Overproduction
W0000221,M048,L08,2024-07-06,3,2480,7440.0,Spoilage
W0000222,M067,L08,2024-07-06,2,1430,2860.0,Overproduction
W0000223,M008,L09,2024-07-06,1,1200,1200.0,Spoilage
W0000224,M025,L09,2024-07-06,1,4000,4000.0,Overproduction
W0000225,M049,L09,2024-07-06,1,980,980.0,Overproduction
W0000226,M056,L09,2024-07-06,1,1920,1920.0,Preparation error
W0000227,M058,L09,2024-07-06,1,1030,1030.0,Overproduction
W0000228,M058,L09,2024-07-06,1,1030,1030.0,Spoilage
W0000229,M083,L09,2024-07-06,3,2730,8190.0,Spoilage
W0000230,M083,L09,2024-07-06,1,2730,2730.0,Overproduction
W0000231,M083,L09,2024-07-06,2,2730,5460.0,Overproduction
W0000232,M083,L09,2024-07-06,1,2730,2730.0,Overproduction
W0000233,M005,L10,2024-07-06,2,1110,2220.0,Overproduction
W0000234,M083,L10,2024-07-06,1,2730,2730.0,Customer return
W0000235,M060,L11,2024-07-06,2,2190,4380.0,Preparation error
W0000236,M066,L11,2024-07-06,1,1180,1180.0,Spoilage
W0000237,M083,L11,2024-07-06,1,2730,2730.0,Spoilage
W0000238,M122,L11,2024-07-06,1,770,770.0,Overproduction
W0000239,M083,L12,2024-07-06,1,2730,2730.0,Expired
W0000240,M073,L13,2024-07-06,2,3220,6440.0,Expired
W0000241,M079,L13,2024-07-06,1,2930,2930.0,Overproduction
W0000242,M083,L13,2024-07-06,2,2730,5460.0,Preparation error
W0000243,M047,L14,2024-07-06,1,2080,2080.0,Overproduction
W0000244,M026,L15,2024-07-06,1,3420,3420.0,Overproduction
W0000245,M083,L15,2024-07-06,1,2730,2730.0,Customer return
W0000246,M083,L15,2024-07-06,1,2730,2730.0,Preparation error
W0000247,M020,L16,2024-07-06,3,1390,4170.0,Spoilage
W0000248,M103,L16,2024-07-06,3,1920,5760.0,Customer return
W0000249,M112,L18,2024-07-06,3,1230,3690.0,Spoilage
W0000250,M123,L18,2024-07-06,1,790,790.0,Overproduction
