order_item_id,order_id,item_id,quantity,unit_price,discount_pct,line_total
OI00019545,ORD0001937,M055,1,2800.0,0.0,2800.0
OI00009568,ORD0000964,M090,2,900.0,0.0,1800.0
OI00018051,ORD0001797,M050,1,3200.0,0.0,3200.0
OI00005583,ORD0000555,M087,1,1200.0,0.0,1200.0
OI00016611,ORD0001666,M095,1,1200.0,0.0,1200.0
OI00020752,ORD0002061,M023,2,2400.0,0.0,4800.0
OI00004483,ORD0000453,M012,2,3100.0,0.0,6200.0
OI00007609,ORD0000765,M023,3,2400.0,0.0,7200.0
OI00018278,ORD0001818,M075,1,6300.0,0.0,6300.0
OI00006838,ORD0000684,M136,3,700.0,0.0,2100.0
OI00010047,ORD0001004,M019,3,2500.0,0.0,7500.0
OI00023297,ORD0002322,M056,1,4000.0,0.0,4000.0
OI00018172,ORD0001809,M083,4,6500.0,0.0,26000.0
OI00012395,ORD0001232,M056,2,4000.0,0.0,8000.0
OI00005420,ORD0000540,M130,1,1800.0,0.0,1800.0
OI00007044,ORD0000705,M096,2,2000.0,0.0,4000.0
OI00017058,ORD0001705,M086,1,1000.0,0.0,1000.0
OI00016925,ORD0001694,M044,1,3600.0,0.0,3600.0
OI00025266,ORD0002503,M140,1,900.0,0.0,900.0
OI00015931,ORD0001603,M004,1,1900.0,0.0,1900.0
OI00018965,ORD0001881,M064,1,6500.0,0.0,6500.0
OI00014296,ORD0001431,M091,1,2200.0,0.0,2200.0
OI00012931,ORD0001290,M087,2,1200.0,0.0,2400.0
OI00019138,ORD0001897,M057,2,5600.0,0.0,11200.0
OI00000065,ORD0000007,M139,4,400.0,0.0,1600.0
OI00005069,ORD0000509,M152,1,12500.0,0.0,12500.0
OI00002352,ORD0000249,M011,2,2200.0,0.0,4400.0
OI00007856,ORD0000789,M057,1,5600.0,0.0,5600.0
OI00025037,ORD0002482,M087,2,1200.0,0.0,2400.0
OI00023014,ORD0002292,M068,1,2800.0,0.0,2800.0
OI00010785,ORD0001072,M096,1,2000.0,0.0,2000.0
OI00023138,ORD0002305,M068,1,2800.0,0.0,2800.0
OI00008280,ORD0000832,M118,2,6300.0,0.0,12600.0
OI00009455,ORD0000952,M124,2,2200.0,0.0,4400.0
OI00010119,ORD0001010,M088,1,1800.0,0.0,1800.0
OI00011413,ORD0001134,M071,3,7300.0,0.0,21900.0
OI00010378,ORD0001035,M049,1,2250.0,0.0,2250.0
OI00000838,ORD0000084,M112,2,3500.0,0.0,7000.0
OI00005745,ORD0000570,M045,1,5050.0,0.0,5050.0
OI00010799,ORD0001074,M032,1,4200.0,0.0,4200.0
OI00002537,ORD0000268,M091,2,2200.0,0.0,4400.0
OI00017781,ORD0001774,M026,1,3800.0,0.0,3800.0
OI00018711,ORD0001853,M120,1,6700.0,0.0,6700.0
OI00023334,ORD0002326,M025,1,3200.0,0.0,3200.0
OI00021191,ORD0002110,M047,2,4400.0,0.0,8800.0
OI00007051,ORD0000706,M016,1,2250.0,0.0,2250.0
OI00026418,ORD0002625,M101,1,4200.0,0.0,4200.0
OI00020343,ORD0002021,M142,1,2200.0,0.0,2200.0
OI00014022,ORD0001400,M140,2,900.0,0.0,1800.0
OI00025822,ORD0002563,M018,1,4500.0,0.0,4500.0
OI00003306,ORD0000344,M999,2,2000.0,0.0,4000.0
OI00002075,ORD0000218,M004,1,1900.0,0.0,1900.0
OI00026530,ORD0002636,M038,1,4500.0,0.0,4500.0
OI00013476,ORD0001348,M142,2,2200.0,0.0,4400.0
OI00009079,ORD0000913,M034,1,2400.0,0.0,2400.0
OI00010771,ORD0001070,M060,1,4600.0,0.0,4600.0
OI00013238,ORD0001322,M017,2,3200.0,0.0,6400.0
OI00011600,ORD0001149,M041,1,4300.0,0.0,4300.0
OI00024650,ORD0002449,M058,3,2300.0,0.0,6900.0
OI00011407,ORD0001133,M097,3,1500.0,0.0,4500.0
OI00010108,ORD0001008,M111,1,1000.0,0.0,1000.0
OI00018252,ORD0001816,M015,1,3900.0,0.0,3900.0
OI00025874,ORD0002569,M044,1,3600.0,0.0,3600.0
OI00016062,ORD0001617,M089,1,2000.0,0.0,2000.0
OI00009981,ORD0000998,M024,1,3350.0,0.0,3350.0
OI00004538,ORD0000457,M142,5,2200.0,0.0,11000.0
OI00005713,ORD0000567,M093,1,900.0,0.0,900.0
OI00000474,ORD0000047,M011,1,2200.0,0.0,2200.0
OI00011384,ORD0001132,M010,2,1550.0,0.0,3100.0
OI00007138,ORD0000714,M040,1,3000.0,0.0,3000.0
OI00020658,ORD0002051,M083,1,6500.0,0.0,6500.0
OI00014297,ORD0001431,M132,1,2200.0,0.0,2200.0
OI00015572,ORD0001565,M055,2,2800.0,0.0,5600.0
OI00019402,ORD0001922,M023,1,2400.0,0.0,2400.0
OI00020386,ORD0002025,M112,2,3500.0,0.0,7000.0
OI00013755,ORD0001374,M107,1,1200.0,0.0,1200.0
OI00005694,ORD0000564,M141,1,1800.0,0.0,1800.0
OI00018987,ORD0001883,M138,2,700.0,0.0,1400.0
OI00009390,ORD0000944,M103,1,5500.0,0.0,5500.0
OI00018214,ORD0001813,M001,1,1750.0,0.0,1750.0
OI00027105,ORD0002701,M014,1,2800.0,0.0,2800.0
OI00008570,ORD0000863,M145,3,1800.0,0.0,5400.0
OI00001018,ORD0000104,M139,1,400.0,0.0,400.0
OI00000398,ORD0000040,M064,1,6500.0,0.0,6500.0
OI00012852,ORD0001282,M068,1,2800.0,0.0,2800.0
OI00006139,ORD0000609,M051,2,4500.0,0.0,9000.0
OI00006411,ORD0000637,M024,1,3350.0,0.0,3350.0
OI00003680,ORD0000380,M116,1,4500.0,0.0,4500.0
OI00016450,ORD0001652,M025,4,3200.0,0.0,12800.0
OI00011211,ORD0001115,M137,2,700.0,0.0,1400.0
OI00021679,ORD0002162,M096,1,2000.0,0.0,2000.0
OI00023582,ORD0002346,M009,1,4050.0,0.0,4050.0
OI00024510,ORD0002437,M004,2,1900.0,0.0,3800.0
OI00005714,ORD0000567,M136,1,700.0,0.0,700.0
OI00005950,ORD0000590,M145,2,1800.0,0.0,3600.0
OI00008734,ORD0000878,M032,3,4200.0,0.0,12600.0
OI00002233,ORD0000235,M142,2,2200.0,0.0,4400.0
OI00023087,ORD0002300,M083,1,6500.0,0.0,6500.0
OI00024311,ORD0002417,M115,2,3200.0,0.0,6400.0
OI00013559,ORD0001356,M083,1,6500.0,0.0,6500.0
OI00012482,ORD0001240,M014,2,2800.0,0.0,5600.0
OI00021657,ORD0002161,M012,1,3100.0,0.0,3100.0
OI00024353,ORD0002422,M088,1,1800.0,0.0,1800.0
OI00002208,ORD0000232,M011,1,2200.0,0.0,2200.0
OI00007652,ORD0000769,M015,1,3900.0,0.0,3900.0
OI00022884,ORD0002280,M004,1,1900.0,0.0,1900.0
OI00007790,ORD0000782,M136,3,700.0,0.0,2100.0
OI00015407,ORD0001550,M025,3,3200.0,0.0,9600.0
OI00002702,ORD0000284,M049,1,2250.0,0.0,2250.0
OI00027297,ORD0002720,M012,1,3100.0,0.0,3100.0
OI00022500,ORD0002247,M074,1,4500.0,0.0,4500.0
OI00002814,ORD0000295,M085,7,1200.0,0.0,8400.0
OI00009857,ORD0000988,M023,3,2400.0,0.0,7200.0
OI00009354,ORD0000941,M066,1,2500.0,0.0,2500.0
OI00003764,ORD0000389,M015,1,3900.0,0.0,3900.0
OI00005946,ORD0000590,M064,1,6500.0,0.0,6500.0
OI00019609,ORD0001944,M005,1,2700.0,0.0,2700.0
OI00005220,ORD0000525,M020,1,3600.0,0.0,3600.0
OI00012519,ORD0001244,M047,1,4400.0,0.0,4400.0
OI00002777,ORD0000292,M041,1,4300.0,0.0,4300.0
OI00018173,ORD0001809,M087,1,1200.0,0.0,1200.0
OI00008044,ORD0000806,M141,2,1800.0,0.0,3600.0
OI00001653,ORD0000171,M022,1,1700.0,0.0,1700.0
OI00008380,ORD0000843,M008,2,2900.0,0.0,5800.0
OI00021420,ORD0002135,M014,2,2800.0,0.0,5600.0
OI00016541,ORD0001659,M132,1,2200.0,0.0,2200.0
OI00007141,ORD0000714,M083,2,6500.0,0.0,13000.0
OI00025071,ORD0002486,M063,1,6700.0,0.0,6700.0
OI00015183,ORD0001525,M042,2,6000.0,0.0,12000.0
OI00026256,ORD0002610,M025,1,3200.0,0.0,3200.0
OI00015988,ORD0001608,M121,1,1800.0,0.0,1800.0
OI00016727,ORD0001676,M064,1,6500.0,15.0,5525.0
OI00016303,ORD0001640,M065,1,5500.0,0.0,5500.0
OI00003735,ORD0000386,M111,1,1000.0,0.0,1000.0
OI00017071,ORD0001707,M049,2,2250.0,0.0,4500.0
OI00018255,ORD0001816,M026,3,3800.0,0.0,11400.0
OI00001771,ORD0000184,M013,1,1950.0,0.0,1950.0
OI00010772,ORD0001070,M064,2,6500.0,0.0,13000.0
OI00006368,ORD0000632,M025,3,3200.0,0.0,9600.0
OI00009567,ORD0000964,M087,1,1200.0,0.0,1200.0
OI00015442,ORD0001553,M007,1,2050.0,0.0,2050.0
OI00003047,ORD0000319,M102,1,1500.0,0.0,1500.0
OI00011898,ORD0001180,M081,1,5900.0,0.0,5900.0
OI00005249,ORD0000528,M007,2,2050.0,0.0,4100.0
OI00004433,ORD0000448,M136,2,700.0,0.0,1400.0
OI00018080,ORD0001801,M035,1,3400.0,0.0,3400.0
OI00010561,ORD0001050,M016,3,2250.0,0.0,6750.0
OI00021471,ORD0002140,M025,1,3200.0,0.0,3200.0
OI00017981,ORD0001790,M029,1,3800.0,0.0,3800.0
OI00007879,ORD0000792,M019,2,2500.0,0.0,5000.0
OI00007648,ORD0000768,M135,1,1600.0,0.0,1600.0
OI00024478,ORD0002434,M008,4,2900.0,0.0,11600.0
OI00009439,ORD0000950,M031,3,2950.0,0.0,8850.0
OI00025676,ORD0002545,M081,1,5900.0,0.0,5900.0
OI00000202,ORD0000022,M022,1,1700.0,0.0,1700.0
OI00013564,ORD0001357,M011,1,2200.0,0.0,2200.0
OI00004122,ORD0000420,M119,1,4800.0,0.0,4800.0
OI00019784,ORD0001963,M146,1,1200.0,0.0,1200.0
OI00000203,ORD0000022,M035,1,3400.0,0.0,3400.0
OI00025313,ORD0002509,M090,1,900.0,0.0,900.0
OI00019654,ORD0001948,M066,2,2500.0,0.0,5000.0
OI00014450,ORD0001447,M015,1,3900.0,0.0,3900.0
OI00003847,ORD0000396,M094,2,2600.0,0.0,5200.0
OI00025482,ORD0002526,M083,1,6500.0,0.0,6500.0
OI00002419,ORD0000255,M039,1,6300.0,0.0,6300.0
OI00002085,ORD0000218,M093,1,900.0,0.0,900.0
OI00013782,ORD0001377,M035,1,3400.0,0.0,3400.0
OI00021203,ORD0002111,M101,2,4200.0,0.0,8400.0
OI00012414,ORD0001234,M115,1,3200.0,0.0,3200.0
OI00004660,ORD0000470,M115,1,3200.0,0.0,3200.0
OI00010241,ORD0001023,M013,1,1950.0,0.0,1950.0
OI00025061,ORD0002485,M122,2,2200.0,0.0,4400.0
OI00017515,ORD0001747,M095,1,1200.0,0.0,1200.0
OI00024930,ORD0002470,M103,1,5500.0,0.0,5500.0
OI00007657,ORD0000769,M046,1,3100.0,0.0,3100.0
OI00004282,ORD0000435,M078,2,5000.0,0.0,10000.0
OI00010824,ORD0001076,M124,2,2200.0,0.0,4400.0
OI00011484,ORD0001139,M111,1,1000.0,0.0,1000.0
OI00003642,ORD0000377,M038,1,4500.0,0.0,4500.0
OI00020570,ORD0002043,M045,1,5050.0,0.0,5050.0
OI00022247,ORD0002222,M070,1,5200.0,0.0,5200.0
OI00004072,ORD0000416,M008,1,2900.0,0.0,2900.0
OI00016731,ORD0001676,M089,1,2000.0,15.0,1700.0
OI00018520,ORD0001838,M087,2,1200.0,0.0,2400.0
OI00027082,ORD0002698,M096,2,2000.0,0.0,4000.0
OI00027040,ORD0002694,M091,1,2200.0,0.0,2200.0
OI00021153,ORD0002106,M117,2,4500.0,0.0,9000.0
OI00019474,ORD0001929,M125,1,2500.0,0.0,2500.0
OI00008640,ORD0000868,M136,2,700.0,0.0,1400.0
OI00010318,ORD0001030,M058,2,2300.0,0.0,4600.0
OI00025465,ORD0002524,M117,1,4500.0,0.0,4500.0
OI00014074,ORD0001407,M025,2,3200.0,0.0,6400.0
OI00000913,ORD0000094,M080,1,4200.0,0.0,4200.0
OI00026061,ORD0002589,M137,2,700.0,15.0,1190.0
OI00025218,ORD0002498,M083,1,6500.0,0.0,6500.0
OI00020780,ORD0002063,M139,1,400.0,0.0,400.0
OI00004055,ORD0000415,M022,1,1700.0,0.0,1700.0
OI00018597,ORD0001845,M016,1,2250.0,0.0,2250.0
OI00009059,ORD0000910,M085,2,1200.0,0.0,2400.0
OI00027133,ORD0002703,M081,1,5900.0,0.0,5900.0
OI00013419,ORD0001343,M042,2,6000.0,0.0,12000.0
OI00003945,ORD0000404,M031,1,2950.0,0.0,2950.0
OI00024376,ORD0002423,M153,1,16500.0,0.0,16500.0
OI00010072,ORD0001006,M067,1,3500.0,0.0,3500.0
OI00010084,ORD0001007,M058,1,2300.0,0.0,2300.0
OI00017585,ORD0001754,M085,1,1200.0,0.0,1200.0
OI00016118,ORD0001622,M123,1,1800.0,0.0,1800.0
OI00017363,ORD0001733,M011,1,2200.0,0.0,2200.0
OI00011588,ORD0001147,M135,2,1600.0,0.0,3200.0
OI00004267,ORD0000433,M144,3,1600.0,0.0,4800.0
OI00009904,ORD0000991,M140,1,900.0,0.0,900.0
OI00008205,ORD0000824,M139,1,400.0,0.0,400.0
OI00011598,ORD0001149,M023,1,2400.0,0.0,2400.0
OI00025760,ORD0002553,M139,3,400.0,0.0,1200.0
OI00003098,ORD0000325,M026,2,3800.0,0.0,7600.0
OI00023710,ORD0002359,M142,2,2200.0,15.0,3740.0
OI00019997,ORD0001984,M059,2,3300.0,0.0,6600.0
OI00003101,ORD0000325,M087,1,1200.0,0.0,1200.0
OI00009551,ORD0000962,M004,1,1900.0,0.0,1900.0
OI00000414,ORD0000041,M145,3,1800.0,0.0,5400.0
OI00020732,ORD0002059,M022,1,1700.0,0.0,1700.0
OI00007611,ORD0000765,M051,1,4500.0,0.0,4500.0
OI00026326,ORD0002616,M095,1,1200.0,0.0,1200.0
OI00006104,ORD0000605,M035,5,3400.0,0.0,17000.0
OI00014791,ORD0001482,M141,6,1800.0,0.0,10800.0
OI00005913,ORD0000587,M024,1,3350.0,0.0,3350.0
OI00020247,ORD0002011,M018,1,4500.0,0.0,4500.0
OI00026940,ORD0002682,M126,2,2000.0,0.0,4000.0
OI00015080,ORD0001515,M072,1,5800.0,0.0,5800.0
OI00003934,ORD0000403,M020,1,3600.0,0.0,3600.0
OI00019623,ORD0001945,M089,1,2000.0,0.0,2000.0
OI00008755,ORD0000880,M161,1,4200.0,0.0,4200.0
OI00010113,ORD0001009,M066,1,2500.0,0.0,2500.0
OI00004811,ORD0000485,M088,3,1800.0,0.0,5400.0
OI00022472,ORD0002244,M124,2,2200.0,0.0,4400.0
OI00021341,ORD0002126,M141,1,1800.0,0.0,1800.0
OI00019403,ORD0001922,M031,2,2950.0,0.0,5900.0
OI00008699,ORD0000875,M022,1,1700.0,0.0,1700.0
OI00025900,ORD0002572,M007,2,2050.0,0.0,4100.0
OI00008667,ORD0000871,M007,2,2050.0,0.0,4100.0
OI00025217,ORD0002498,M064,1,6500.0,0.0,6500.0
OI00006276,ORD0000622,M139,4,400.0,0.0,1600.0
OI00012057,ORD0001196,M014,1,2800.0,0.0,2800.0
OI00020360,ORD0002023,M080,1,4200.0,0.0,4200.0
OI00000057,ORD0000007,M004,2,1900.0,0.0,3800.0
OI00023339,ORD0002326,M078,1,5000.0,0.0,5000.0
OI00003812,ORD0000393,M141,1,1800.0,0.0,1800.0
OI00020655,ORD0002051,M067,1,3500.0,0.0,3500.0
OI00023218,ORD0002314,M047,1,4400.0,0.0,4400.0
OI00008841,ORD0000889,M019,2,2500.0,0.0,5000.0
