item_id,item_name,recommended_action,reason,priority
M083,Suya Platter,Reduce preparation quantity of Suya Platter,17.4% of prepared units go to waste | model-predicted wastage risk score 0.129,Critical
M153,Family Combo,Reduce preparation quantity of Family Combo,8.6% of prepared units go to waste | model-predicted wastage risk score 0.084,Critical
M157,Weekend Brunch Combo,Reduce preparation quantity of Weekend Brunch Combo,8.6% of prepared units go to waste | model-predicted wastage risk score 0.080,Critical
M112,Shawarma Chicken,Reduce preparation quantity of Shawarma Chicken,9.4% of prepared units go to waste | model-predicted wastage risk score 0.084,Critical
M132,Puff Puff & Ice Cream,Reduce preparation quantity of Puff Puff & Ice Cream,9.6% of prepared units go to waste | model-predicted wastage risk score 0.089,Critical
M135,Banana Bread Slice,Reduce preparation quantity of Banana Bread Slice,10.6% of prepared units go to waste | model-predicted wastage risk score 0.100,Critical
M133,Yogurt Parfait,Reduce preparation quantity of Yogurt Parfait,13.0% of prepared units go to waste | model-predicted wastage risk score 0.112,Critical
M130,Fruit Salad,Reduce preparation quantity of Fruit Salad,13.5% of prepared units go to waste | model-predicted wastage risk score 0.121,Critical
M152,Party Pack,Reduce preparation quantity of Party Pack,8.4% of prepared units go to waste | model-predicted wastage risk score 0.081,Critical
M148,Palm Wine (Fresh),Promote Palm Wine (Fresh),"76.2% profit margin (dataset median is 61.7%) | only 5,501 units sold in the period -- under-ordered for how profitable it is | 4.0/5 average rating",High
M151,Fura da Nono,Promote Fura da Nono,"74.3% profit margin (dataset median is 61.7%) | only 4,805 units sold in the period -- under-ordered for how profitable it is | 3.7/5 average rating",High
M150,Ginger Shot,Promote Ginger Shot,"75.1% profit margin (dataset median is 61.7%) | only 3,987 units sold in the period -- under-ordered for how profitable it is | 3.7/5 average rating",High
M097,Ayamase Sauce,Promote Ayamase Sauce,"73.7% profit margin (dataset median is 61.7%) | only 4,712 units sold in the period -- under-ordered for how profitable it is | 4.0/5 average rating",High
M146,Zobo,Promote Zobo,"73.0% profit margin (dataset median is 61.7%) | only 4,378 units sold in the period -- under-ordered for how profitable it is | 3.6/5 average rating",High
M106,Samosa (6 pcs),Promote Samosa (6 pcs),"71.7% profit margin (dataset median is 61.7%) | only 3,068 units sold in the period -- under-ordered for how profitable it is | 3.8/5 average rating",High
M082,Point & Kill Croaker Fish,Promote Point & Kill Croaker Fish,"74.3% profit margin (dataset median is 61.7%) | only 1,959 units sold in the period -- under-ordered for how profitable it is | 4.5/5 average rating",High
M132,Puff Puff & Ice Cream,Promote Puff Puff & Ice Cream,"69.8% profit margin (dataset median is 61.7%) | only 3,712 units sold in the period -- under-ordered for how profitable it is | 4.2/5 average rating",High
M135,Banana Bread Slice,Promote Banana Bread Slice,"70.0% profit margin (dataset median is 61.7%) | only 4,268 units sold in the period -- under-ordered for how profitable it is | 4.0/5 average rating",High
M133,Yogurt Parfait,Promote Yogurt Parfait,"70.6% profit margin (dataset median is 61.7%) | only 2,027 units sold in the period -- under-ordered for how profitable it is | 3.7/5 average rating",High
M149,Tigernut Drink,Promote Tigernut Drink,"70.7% profit margin (dataset median is 61.7%) | only 1,098 units sold in the period -- under-ordered for how profitable it is | 3.8/5 average rating",High
M134,Red Velvet Slice,Promote Red Velvet Slice,"71.3% profit margin (dataset median is 61.7%) | only 3,924 units sold in the period -- under-ordered for how profitable it is | 4.3/5 average rating",High
M100,Fish Stew,Promote Fish Stew,71.2% profit margin (dataset median is 61.7%) | only 518 units sold in the period -- under-ordered for how profitable it is | 4.2/5 average rating,High
M147,Kunu,Promote Kunu,"71.4% profit margin (dataset median is 61.7%) | only 2,955 units sold in the period -- under-ordered for how profitable it is | 4.1/5 average rating",High
M084,Kilishi Pack,Promote Kilishi Pack,"71.7% profit margin (dataset median is 61.7%) | only 1,586 units sold in the period -- under-ordered for how profitable it is | 3.9/5 average rating",High
M154,Lunch Box Combo,Reduce preparation quantity of Lunch Box Combo,8.2% of prepared units go to waste | model-predicted wastage risk score 0.082,High
M160,Kids Meal,Reduce preparation quantity of Kids Meal,8.2% of prepared units go to waste | model-predicted wastage risk score 0.082,High
M159,Office Lunch Combo,Reduce preparation quantity of Office Lunch Combo,8.1% of prepared units go to waste | model-predicted wastage risk score 0.081,High
M155,Christmas Special Rice,Reduce preparation quantity of Christmas Special Rice,8.0% of prepared units go to waste | model-predicted wastage risk score 0.079,High
M158,Couples Combo,Reduce preparation quantity of Couples Combo,8.0% of prepared units go to waste | model-predicted wastage risk score 0.081,High
M107,Chin Chin (Bowl),Reduce preparation quantity of Chin Chin (Bowl),7.7% of prepared units go to waste | model-predicted wastage risk score 0.068,High
CATEGORY,Stews & Sauces,Increase stock/prep for Stews & Sauces ahead of forecast demand,forecast demand is +47% vs. this category's historical weekly average,High
CATEGORY,Specials & Combos,Increase stock/prep for Specials & Combos ahead of forecast demand,forecast demand is +61% vs. this category's historical weekly average,High
CATEGORY,Breakfast,Increase stock/prep for Breakfast ahead of forecast demand,forecast demand is +35% vs. this category's historical weekly average,High
CATEGORY,Desserts,Increase stock/prep for Desserts ahead of forecast demand,forecast demand is +37% vs. this category's historical weekly average,High
CATEGORY,Traditional Drinks,Increase stock/prep for Traditional Drinks ahead of forecast demand,forecast demand is +33% vs. this category's historical weekly average,High
SEGMENT,At Risk customers,Launch a win-back campaign for At Risk customers,"5,192 customers scored 'At Risk' -- ordered often before but haven't recently",High
M110,Sausage Roll,Review pricing or positioning of Sausage Roll,Low Performer on both volume and margin | already discounted 0.9% on average with no volume payoff to show for it,Medium
M069,Chicken Suya - Large Portion,Review pricing or positioning of Chicken Suya - Large Portion,Low Performer on both volume and margin | already discounted 0.9% on average with no volume payoff to show for it,Medium
M021,Basmati Rice & Chicken Sauce - Large Portion,Review pricing or positioning of Basmati Rice & Chicken Sauce - Large Portion,Low Performer on both volume and margin | already discounted 0.6% on average with no volume payoff to show for it,Medium
M120,Catfish Pepper Soup - Large Portion,Review pricing or positioning of Catfish Pepper Soup - Large Portion,Low Performer on both volume and margin | already discounted 0.6% on average with no volume payoff to show for it,Medium
M079,Roasted Turkey Wings - Large Portion,Review pricing or positioning of Roasted Turkey Wings - Large Portion,Low Performer on both volume and margin | already discounted 0.6% on average with no volume payoff to show for it,Medium
M037,Banga Soup & Starch - Small Portion,Review pricing or positioning of Banga Soup & Starch - Small Portion,Low Performer on both volume and margin | already discounted 0.6% on average with no volume payoff to show for it,Medium
M154,Lunch Box Combo,Review pricing or positioning of Lunch Box Combo,Low Performer on both volume and margin | already discounted 0.8% on average with no volume payoff to show for it,Medium
M043,Ogbono Soup & Eba - Small Portion,Review pricing or positioning of Ogbono Soup & Eba - Small Portion,Low Performer on both volume and margin | already discounted 0.8% on average with no volume payoff to show for it,Medium
M160,Kids Meal,Review pricing or positioning of Kids Meal,Low Performer on both volume and margin | already discounted 0.7% on average with no volume payoff to show for it,Medium
M158,Couples Combo,Review pricing or positioning of Couples Combo,Low Performer on both volume and margin | already discounted 0.6% on average with no volume payoff to show for it,Medium
M118,Assorted Pepper Soup - Large Portion,Consider removing or redesigning Assorted Pepper Soup - Large Portion,"Low Performer on volume and margin | 3.6/5 average rating -- below the 4.0 median, so this isn't a hidden gem being underpriced, it's a dish people don't like",Medium
M110,Sausage Roll,Consider removing or redesigning Sausage Roll,"Low Performer on volume and margin | 3.6/5 average rating -- below the 4.0 median, so this isn't a hidden gem being underpriced, it's a dish people don't like",Medium
M156,Iftar Pack,Consider removing or redesigning Iftar Pack,"Low Performer on volume and margin | 3.6/5 average rating -- below the 4.0 median, so this isn't a hidden gem being underpriced, it's a dish people don't like",Medium
M062,Nsala Soup & Pounded Yam - Regular Portion,Consider removing or redesigning Nsala Soup & Pounded Yam - Regular Portion,"Low Performer on volume and margin | 3.7/5 average rating -- below the 4.0 median, so this isn't a hidden gem being underpriced, it's a dish people don't like",Medium
M161,Breakfast Combo,Consider removing or redesigning Breakfast Combo,"Low Performer on volume and margin | 3.7/5 average rating -- below the 4.0 median, so this isn't a hidden gem being underpriced, it's a dish people don't like",Medium
M033,Oha Soup & Pounded Yam - Large Portion,Consider removing or redesigning Oha Soup & Pounded Yam - Large Portion,"Low Performer on volume and margin | 3.7/5 average rating -- below the 4.0 median, so this isn't a hidden gem being underpriced, it's a dish people don't like",Medium
M052,Ewedu & Gbegiri Amala - Small Portion,Consider removing or redesigning Ewedu & Gbegiri Amala - Small Portion,"Low Performer on volume and margin | 3.8/5 average rating -- below the 4.0 median, so this isn't a hidden gem being underpriced, it's a dish people don't like",Medium
M021,Basmati Rice & Chicken Sauce - Large Portion,Consider removing or redesigning Basmati Rice & Chicken Sauce - Large Portion,"Low Performer on volume and margin | 4.0/5 average rating -- below the 4.0 median, so this isn't a hidden gem being underpriced, it's a dish people don't like",Medium
M043,Ogbono Soup & Eba - Small Portion,Consider removing or redesigning Ogbono Soup & Eba - Small Portion,"Low Performer on volume and margin | 4.0/5 average rating -- below the 4.0 median, so this isn't a hidden gem being underpriced, it's a dish people don't like",Medium
BUNDLE,"Tea & Bread + Yam & Egg, Indomie Special","Bundle Tea & Bread with Yam & Egg, Indomie Special",lift 8.09 (bought together 8.1x more often than chance would predict) | confidence 40.2% | support 1.4% of all multi-item orders,Medium
BUNDLE,"Yam & Egg, Indomie Special + Tea & Bread","Bundle Yam & Egg, Indomie Special with Tea & Bread",lift 8.09 (bought together 8.1x more often than chance would predict) | confidence 27.9% | support 1.4% of all multi-item orders,Medium
BUNDLE,"Yam & Egg, Moi Moi & Custard + Bread & Egg Sauce","Bundle Yam & Egg, Moi Moi & Custard with Bread & Egg Sauce",lift 7.96 (bought together 8.0x more often than chance would predict) | confidence 33.0% | support 1.0% of all multi-item orders,Medium
M114,Goat Meat Pepper Soup - Large Portion,Review pricing or positioning of Goat Meat Pepper Soup - Large Portion,Low Performer on both volume and margin | already discounted 0.6% on average with no volume payoff to show for it,Medium
M055,Bitterleaf Soup & Pounded Yam - Small Portion,Review pricing or positioning of Bitterleaf Soup & Pounded Yam - Small Portion,Low Performer on both volume and margin | already discounted 0.6% on average with no volume payoff to show for it,Medium
M118,Assorted Pepper Soup - Large Portion,Review pricing or positioning of Assorted Pepper Soup - Large Portion,Low Performer on both volume and margin | already discounted 0.5% on average with no volume payoff to show for it,Medium
M060,Vegetable Soup & Eba - Large Portion,Consider removing or redesigning Vegetable Soup & Eba - Large Portion,"Low Performer on volume and margin | 3.6/5 average rating -- below the 4.0 median, so this isn't a hidden gem being underpriced, it's a dish people don't like",Medium
M156,Iftar Pack,Review pricing or positioning of Iftar Pack,Low Performer on both volume and margin | already discounted 5.2% on average with no volume payoff to show for it,Medium
M033,Oha Soup & Pounded Yam - Large Portion,Review pricing or positioning of Oha Soup & Pounded Yam - Large Portion,Low Performer on both volume and margin | already discounted 1.0% on average with no volume payoff to show for it,Medium
BUNDLE,"Bread & Egg Sauce + Yam & Egg, Indomie Special","Bundle Bread & Egg Sauce with Yam & Egg, Indomie Special",lift 7.80 (bought together 7.8x more often than chance would predict) | confidence 38.8% | support 1.6% of all multi-item orders,Medium
BUNDLE,"Tea & Bread, Indomie Special + Yam & Egg","Bundle Tea & Bread, Indomie Special with Yam & Egg",lift 7.88 (bought together 7.9x more often than chance would predict) | confidence 50.3% | support 1.4% of all multi-item orders,Medium
BUNDLE,"Yam & Egg + Tea & Bread, Indomie Special","Bundle Yam & Egg with Tea & Bread, Indomie Special",lift 7.88 (bought together 7.9x more often than chance would predict) | confidence 21.7% | support 1.4% of all multi-item orders,Medium
BUNDLE,"Yam & Egg, Indomie Special + Pancakes","Bundle Yam & Egg, Indomie Special with Pancakes",lift 7.92 (bought together 7.9x more often than chance would predict) | confidence 23.4% | support 1.2% of all multi-item orders,Medium
BUNDLE,"Pancakes + Yam & Egg, Indomie Special","Bundle Pancakes with Yam & Egg, Indomie Special",lift 7.92 (bought together 7.9x more often than chance would predict) | confidence 39.4% | support 1.2% of all multi-item orders,Medium
BUNDLE,"Bread & Egg Sauce + Yam & Egg, Moi Moi & Custard","Bundle Bread & Egg Sauce with Yam & Egg, Moi Moi & Custard",lift 7.96 (bought together 8.0x more often than chance would predict) | confidence 25.2% | support 1.0% of all multi-item orders,Medium
BUNDLE,"Yam & Egg, Indomie Special + Bread & Egg Sauce","Bundle Yam & Egg, Indomie Special with Bread & Egg Sauce",lift 7.80 (bought together 7.8x more often than chance would predict) | confidence 32.3% | support 1.6% of all multi-item orders,Medium
SEGMENT,Loyal High Spenders,Build a loyalty/rewards tier for Loyal High Spenders,"8,700 customers (28.0% of the base) already score as loyal, high-value",Medium
