category_name,n_train_weeks,n_test_weeks,mae_baseline,mae_model,rmse_model,mape_model_pct,beats_baseline
Breakfast,85,21,284.42857142857144,231.6092502117126,317.6187855376197,62.7896229060839,True
Desserts,85,21,64.95238095238095,55.13686590915437,75.19970987110013,55.10570451115223,True
Grills & Suya,85,21,591.1428571428571,525.2831858324726,718.9603955431978,53.78859048815631,True
Pepper Soups,85,21,123.80952380952381,69.98349851568533,96.25763662378705,38.55292241702945,True
Protein & Sides,85,21,518.0,399.20832519054153,584.8709328070801,41.61791652326358,True
Rice Dishes,85,21,1008.4761904761905,784.6554193770532,1161.9532366118879,45.30624341546394,True
Snacks & Small Chops,85,21,83.0952380952381,116.54399806434202,147.34803364054162,71.44671126750181,False
Soft Drinks & Juices,85,21,632.1428571428571,417.8818234270452,633.9176943389466,51.43072929592248,True
Soups & Swallows,85,21,839.3333333333334,619.8484333268193,884.0074516407127,50.43388400783916,True
Specials & Combos,85,21,160.85714285714286,229.8391570581722,245.72781219260366,209.9040637102624,False
Stews & Sauces,85,21,29.80952380952381,36.88689987622955,49.79902664343697,56.77416161152644,False
Traditional Drinks,85,21,61.857142857142854,54.59114436472265,83.57832284730053,112.79683524437925,True
