item_id,item_name,category_id,category_name,base_cost,total_quantity_sold,n_orders,net_revenue,total_cost,total_profit,avg_rating,avg_discount_pct,weekend_share,profit_margin,wastage_percent,spark_label
M001,Jollof Rice - Small Portion,CAT01,Rice Dishes,720,5514,4121,10452962.5,3970080,6482882.5,4.324,0.44,0.382,0.6202,0.0487,Hidden Opportunity
M002,Jollof Rice - Regular Portion,CAT01,Rice Dishes,850,5419,4009,14105490.0,4606150,9499340.0,3.944,0.62,0.381,0.6734,0.0459,Hidden Opportunity
M003,Jollof Rice - Large Portion,CAT01,Rice Dishes,1400,5319,3987,20178465.0,7446600,12731865.0,4.236,0.58,0.389,0.631,0.0393,Hidden Opportunity
M004,Fried Rice - Small Portion,CAT01,Rice Dishes,760,15049,10711,30646935.0,11437240,19209695.0,3.862,1.11,0.388,0.6268,0.0396,Profit Driver
M005,Fried Rice - Regular Portion,CAT01,Rice Dishes,1110,10402,7568,29456830.0,11546220,17910610.0,4.124,1.17,0.388,0.608,0.0467,Volume Driver
M006,Fried Rice - Large Portion,CAT01,Rice Dishes,1500,5284,3906,21483180.0,7926000,13557180.0,4.057,1.17,0.389,0.6311,0.0625,Hidden Opportunity
M007,Coconut Rice - Small Portion,CAT01,Rice Dishes,790,6427,4773,14133300.0,5077330,9055970.0,4.222,0.49,0.381,0.6408,0.0388,Profit Driver
M008,Coconut Rice - Regular Portion,CAT01,Rice Dishes,1200,18853,13009,59067730.0,22623600,36444130.0,3.967,0.54,0.377,0.617,0.0487,Profit Driver
M009,Coconut Rice - Large Portion,CAT01,Rice Dishes,1560,5612,4146,24197485.0,8754720,15442765.0,4.39,0.47,0.384,0.6382,0.0405,Hidden Opportunity
M010,White Rice & Stew - Small Portion,CAT01,Rice Dishes,610,3058,2328,5623307.5,1865380,3757927.5,4.306,0.38,0.385,0.6683,0.0388,Hidden Opportunity
M011,White Rice & Stew - Regular Portion,CAT01,Rice Dishes,930,27360,18225,65188255.0,25444800,39743455.0,4.135,0.51,0.382,0.6097,0.0501,Volume Driver
M012,White Rice & Stew - Large Portion,CAT01,Rice Dishes,1250,7665,5657,25646235.0,9581250,16064985.0,4.172,0.46,0.393,0.6264,0.0447,Profit Driver
M013,Native Jollof (Palm Oil) - Small Portion,CAT01,Rice Dishes,820,8464,6235,17745142.5,6940480,10804662.5,4.284,0.52,0.379,0.6089,0.0435,Volume Driver
M014,Native Jollof (Palm Oil) - Regular Portion,CAT01,Rice Dishes,1000,12774,9147,38000410.0,12774000,25226410.0,3.944,0.62,0.382,0.6638,0.0399,Profit Driver
M015,Native Jollof (Palm Oil) - Large Portion,CAT01,Rice Dishes,1530,17677,12491,73901575.0,27045810,46855765.0,4.311,0.48,0.383,0.634,0.0468,Profit Driver
M016,Concoction Rice - Small Portion,CAT01,Rice Dishes,790,4701,3509,11809620.0,3713790,8095830.0,4.189,0.6,0.386,0.6855,0.0406,Hidden Opportunity
M017,Concoction Rice - Regular Portion,CAT01,Rice Dishes,1350,21916,15020,74954665.0,29586600,45368065.0,3.982,0.48,0.385,0.6053,0.0274,Volume Driver
M018,Concoction Rice - Large Portion,CAT01,Rice Dishes,1920,7761,5684,37945965.0,14901120,23044845.0,3.79,0.47,0.382,0.6073,0.0517,Volume Driver
M019,Basmati Rice & Chicken Sauce - Small Portion,CAT01,Rice Dishes,930,13277,9501,35192085.0,12347610,22844475.0,4.299,0.44,0.378,0.6491,0.0364,Profit Driver
M020,Basmati Rice & Chicken Sauce - Regular Portion,CAT01,Rice Dishes,1390,18355,12668,70196260.0,25513450,44682810.0,3.986,0.48,0.38,0.6365,0.0488,Profit Driver
M021,Basmati Rice & Chicken Sauce - Large Portion,CAT01,Rice Dishes,2090,4948,3727,26029300.0,10341320,15687980.0,3.961,0.61,0.39,0.6027,0.0276,Low Performer
M022,Yam Porridge (Asaro) - Small Portion,CAT01,Rice Dishes,620,13615,9682,25119985.0,8441300,16678685.0,4.078,0.52,0.386,0.664,0.0338,Profit Driver
M023,Yam Porridge (Asaro) - Regular Portion,CAT01,Rice Dishes,990,27690,17938,72074420.0,27413100,44661320.0,4.057,0.46,0.38,0.6197,0.0422,Profit Driver
M024,Yam Porridge (Asaro) - Large Portion,CAT01,Rice Dishes,1300,10225,7361,37318202.5,13292500,24025702.5,3.634,0.55,0.387,0.6438,0.0391,Profit Driver
M025,Party Jollof Rice,CAT01,Rice Dishes,4000,68104,37267,233742455.0,272416000,-38673545.0,4.075,1.06,0.375,-0.1655,0.0536,Volume Driver
M026,Ofada Rice & Ayamase,CAT01,Rice Dishes,3420,45853,27313,184577900.0,156817260,27760640.0,4.58,0.52,0.381,0.1504,0.0509,Volume Driver
M027,Smoky Jollof Bowl,CAT01,Rice Dishes,1120,1729,1128,5187000.0,1936480,3250520.0,3.953,0.0,0.344,0.6267,0.0437,Hidden Opportunity
M028,Egusi Soup & Pounded Yam - Small Portion,CAT02,Soups & Swallows,1230,2108,1614,6072725.0,2592840,3479885.0,4.187,0.48,0.364,0.573,0.0409,Low Performer
M029,Egusi Soup & Pounded Yam - Regular Portion,CAT02,Soups & Swallows,1600,4523,3394,18022660.0,7236800,10785860.0,3.98,0.44,0.381,0.5985,0.068,Low Performer
M030,Egusi Soup & Pounded Yam - Large Portion,CAT02,Soups & Swallows,2370,6226,4662,35104205.0,14755620,20348585.0,4.034,0.54,0.388,0.5797,0.0584,Volume Driver
M031,Oha Soup & Pounded Yam - Small Portion,CAT02,Soups & Swallows,1210,2881,2157,9164462.5,3486010,5678452.5,4.364,0.46,0.386,0.6196,0.0415,Hidden Opportunity
M032,Oha Soup & Pounded Yam - Regular Portion,CAT02,Soups & Swallows,1950,7321,5132,33020875.0,14275950,18744925.0,3.72,0.48,0.372,0.5677,0.0376,Volume Driver
M033,Oha Soup & Pounded Yam - Large Portion,CAT02,Soups & Swallows,2480,1444,1078,9002520.0,3581120,5421400.0,3.737,0.98,0.372,0.6022,0.0585,Low Performer
M034,Efo Riro & Amala - Small Portion,CAT02,Soups & Swallows,1100,6975,5128,17803430.0,7672500,10130930.0,3.792,0.54,0.375,0.569,0.0751,Volume Driver
M035,Efo Riro & Amala - Regular Portion,CAT02,Soups & Swallows,1530,22395,14713,86115245.0,34264350,51850895.0,4.397,0.51,0.383,0.6021,0.0656,Volume Driver
M036,Efo Riro & Amala - Large Portion,CAT02,Soups & Swallows,2150,5067,3761,25361652.5,10894050,14467602.5,4.133,0.42,0.385,0.5705,0.0577,Low Performer
M037,Banga Soup & Starch - Small Portion,CAT02,Soups & Swallows,1310,4006,2955,13604202.5,5247860,8356342.5,4.056,0.56,0.388,0.6142,0.0585,Low Performer
M038,Banga Soup & Starch - Regular Portion,CAT02,Soups & Swallows,2120,11343,7632,53579625.0,24047160,29532465.0,3.782,0.57,0.387,0.5512,0.0418,Volume Driver
M039,Banga Soup & Starch - Large Portion,CAT02,Soups & Swallows,2460,4113,3051,27602135.0,10117980,17484155.0,4.121,0.45,0.377,0.6334,0.0418,Hidden Opportunity
M040,Afang Soup & Eba - Small Portion,CAT02,Soups & Swallows,1480,3611,2689,12506095.0,5344280,7161815.0,3.982,0.45,0.368,0.5727,0.0419,Low Performer
M041,Afang Soup & Eba - Regular Portion,CAT02,Soups & Swallows,1740,5605,4045,25544205.0,9752700,15791505.0,4.526,0.44,0.399,0.6182,0.052,Hidden Opportunity
M042,Afang Soup & Eba - Large Portion,CAT02,Soups & Swallows,2490,9199,6380,58499685.0,22905510,35594175.0,4.323,0.48,0.381,0.6085,0.0558,Volume Driver
M043,Ogbono Soup & Eba - Small Portion,CAT02,Soups & Swallows,1130,3432,2572,9015580.0,3878160,5137420.0,3.969,0.75,0.379,0.5698,0.0482,Low Performer
M044,Ogbono Soup & Eba - Regular Portion,CAT02,Soups & Swallows,1630,8842,6484,33501160.0,14412460,19088700.0,3.688,0.5,0.383,0.5698,0.0585,Volume Driver
M045,Ogbono Soup & Eba - Large Portion,CAT02,Soups & Swallows,2250,12704,9127,69189920.0,28584000,40605920.0,4.047,0.46,0.374,0.5869,0.07,Volume Driver
M046,Edikang Ikong & Fufu - Small Portion,CAT02,Soups & Swallows,1390,8636,6177,28103425.0,12004040,16099385.0,3.907,0.45,0.38,0.5729,0.0614,Volume Driver
M047,Edikang Ikong & Fufu - Regular Portion,CAT02,Soups & Swallows,2080,11210,7769,55805890.0,23316800,32489090.0,4.127,0.51,0.387,0.5822,0.0611,Volume Driver
M048,Edikang Ikong & Fufu - Large Portion,CAT02,Soups & Swallows,2480,2262,1738,14706160.0,5609760,9096400.0,4.469,0.46,0.386,0.6185,0.0389,Hidden Opportunity
M049,Okro Soup & Semo - Small Portion,CAT02,Soups & Swallows,980,3629,2704,9791160.0,3556420,6234740.0,3.72,0.42,0.375,0.6368,0.056,Hidden Opportunity
M050,Okro Soup & Semo - Regular Portion,CAT02,Soups & Swallows,1320,16237,11422,55425340.0,21432840,33992500.0,4.045,0.51,0.378,0.6133,0.0747,Volume Driver
M051,Okro Soup & Semo - Large Portion,CAT02,Soups & Swallows,1960,7380,5467,35384100.0,14464800,20919300.0,4.165,0.47,0.384,0.5912,0.0458,Volume Driver
M052,Ewedu & Gbegiri Amala - Small Portion,CAT02,Soups & Swallows,960,2467,1835,5550975.0,2368320,3182655.0,3.822,0.4,0.359,0.5734,0.0547,Low Performer
M053,Ewedu & Gbegiri Amala - Regular Portion,CAT02,Soups & Swallows,1210,6015,4265,18960860.0,7278150,11682710.0,4.255,0.75,0.384,0.6161,0.068,Volume Driver
M054,Ewedu & Gbegiri Amala - Large Portion,CAT02,Soups & Swallows,1680,7389,5423,32845615.0,12413520,20432095.0,4.185,0.37,0.377,0.6221,0.0404,Profit Driver
M055,Bitterleaf Soup & Pounded Yam - Small Portion,CAT02,Soups & Swallows,1190,4431,3360,13523535.0,5272890,8250645.0,4.255,0.55,0.378,0.6101,0.0634,Low Performer
M056,Bitterleaf Soup & Pounded Yam - Regular Portion,CAT02,Soups & Swallows,1920,10551,7676,45196530.0,20257920,24938610.0,3.984,0.62,0.376,0.5518,0.074,Volume Driver
M057,Bitterleaf Soup & Pounded Yam - Large Portion,CAT02,Soups & Swallows,2500,6791,5059,40289095.0,16977500,23311595.0,4.103,0.47,0.38,0.5786,0.0417,Volume Driver
M058,Vegetable Soup & Eba - Small Portion,CAT02,Soups & Swallows,1030,24847,16696,59895105.0,25592410,34302695.0,3.842,0.48,0.382,0.5727,0.0581,Volume Driver
M059,Vegetable Soup & Eba - Regular Portion,CAT02,Soups & Swallows,1420,4337,3299,15452675.0,6158540,9294135.0,4.095,0.47,0.392,0.6015,0.0633,Low Performer
M060,Vegetable Soup & Eba - Large Portion,CAT02,Soups & Swallows,2190,3335,2541,16363435.0,7303650,9059785.0,3.566,0.49,0.383,0.5537,0.0553,Low Performer
M061,Nsala Soup & Pounded Yam - Small Portion,CAT02,Soups & Swallows,1460,1322,1008,4642755.0,1930120,2712635.0,4.382,0.42,0.386,0.5843,0.0555,Low Performer
M062,Nsala Soup & Pounded Yam - Regular Portion,CAT02,Soups & Swallows,2040,3182,2371,16375915.0,6491280,9884635.0,3.709,0.34,0.37,0.6036,0.0651,Low Performer
M063,Nsala Soup & Pounded Yam - Large Portion,CAT02,Soups & Swallows,2650,8929,6152,63200440.0,23661850,39538590.0,3.724,0.45,0.371,0.6256,0.0478,Profit Driver
M064,Isi Ewu,CAT02,Soups & Swallows,3220,26967,16113,185355620.0,86833740,98521880.0,3.991,0.46,0.381,0.5315,0.0442,Volume Driver
M065,Nkwobi,CAT02,Soups & Swallows,2480,17021,9502,103743310.0,42212080,61531230.0,4.038,0.49,0.907,0.5931,0.0506,Volume Driver
M066,Beef Suya - Regular Portion,CAT03,Grills & Suya,1180,15064,10425,39622875.0,17775520,21847355.0,4.109,1.01,0.381,0.5514,0.0456,Volume Driver
M067,Beef Suya - Large Portion,CAT03,Grills & Suya,1430,4687,3542,17642940.0,6702410,10940530.0,4.271,0.94,0.398,0.6201,0.0363,Hidden Opportunity
M068,Chicken Suya - Regular Portion,CAT03,Grills & Suya,1210,16182,11306,47637430.0,19580220,28057210.0,4.258,0.94,0.386,0.589,0.0542,Volume Driver
M069,Chicken Suya - Large Portion,CAT03,Grills & Suya,1800,5176,3901,21455780.0,9316800,12138980.0,4.002,0.87,0.38,0.5658,0.0608,Low Performer
M070,Grilled Tilapia - Regular Portion,CAT03,Grills & Suya,2390,8781,6431,48453715.0,20986590,27467125.0,4.485,0.52,0.393,0.5669,0.0407,Volume Driver
M071,Grilled Tilapia - Large Portion,CAT03,Grills & Suya,3370,2892,2184,22520730.0,9746040,12774690.0,4.24,0.43,0.379,0.5672,0.0425,Low Performer
M072,Grilled Catfish - Regular Portion,CAT03,Grills & Suya,2420,17783,12418,109615185.0,43034860,66580325.0,4.307,0.45,0.385,0.6074,0.0343,Volume Driver
M073,Grilled Catfish - Large Portion,CAT03,Grills & Suya,3220,7546,5498,65601710.0,24298120,41303590.0,3.918,0.49,0.382,0.6296,0.0599,Profit Driver
M074,Asun (Peppered Goat) - Regular Portion,CAT03,Grills & Suya,1960,15107,10394,72552735.0,29609720,42943015.0,4.109,0.51,0.526,0.5919,0.0501,Volume Driver
M075,Asun (Peppered Goat) - Large Portion,CAT03,Grills & Suya,2820,5145,3806,34968675.0,14508900,20459775.0,4.489,0.42,0.547,0.5851,0.0469,Low Performer
M076,Grilled Chicken - Regular Portion,CAT03,Grills & Suya,1790,6888,5078,35246970.0,12329520,22917450.0,4.251,0.43,0.387,0.6502,0.0475,Profit Driver
M077,Grilled Chicken - Large Portion,CAT03,Grills & Suya,2940,1433,1101,10414340.0,4213020,6201320.0,4.512,0.5,0.392,0.5955,0.0406,Low Performer
M078,Roasted Turkey Wings - Regular Portion,CAT03,Grills & Suya,2020,14555,10296,77977405.0,29401100,48576305.0,4.187,0.46,0.383,0.623,0.0446,Profit Driver
M079,Roasted Turkey Wings - Large Portion,CAT03,Grills & Suya,2930,2852,2147,21101700.0,8356360,12745340.0,4.341,0.57,0.398,0.604,0.0585,Low Performer
M080,Grilled Titus Fish - Regular Portion,CAT03,Grills & Suya,2110,15854,11083,70911255.0,33451940,37459315.0,4.486,0.48,0.384,0.5283,0.0477,Volume Driver
M081,Grilled Titus Fish - Large Portion,CAT03,Grills & Suya,2730,6637,4912,41979680.0,18119010,23860670.0,4.165,0.47,0.386,0.5684,0.0526,Volume Driver
M082,Point & Kill Croaker Fish,CAT03,Grills & Suya,2110,1959,1499,16062900.0,4133490,11929410.0,4.52,0.79,0.389,0.7427,0.0375,Hidden Opportunity
M083,Suya Platter,CAT03,Grills & Suya,2730,87691,42458,605066347.5,239396430,365669917.5,4.167,0.87,0.382,0.6043,0.174,Volume Driver
M084,Kilishi Pack,CAT03,Grills & Suya,900,1586,1187,5038365.0,1427400,3610965.0,3.901,0.35,0.391,0.7167,0.0356,Hidden Opportunity
M085,Fried Plantain (Dodo),CAT04,Protein & Sides,400,34000,21943,44115500.0,13600000,30515500.0,3.702,0.53,0.386,0.6917,0.0496,Profit Driver
M086,Moi Moi,CAT04,Protein & Sides,320,17869,12354,18898130.0,5718080,13180050.0,3.706,0.5,0.389,0.6974,0.0441,Profit Driver
M087,Extra Beef,CAT04,Protein & Sides,430,24401,16504,30685955.0,10492430,20193525.0,3.206,0.5,0.383,0.6581,0.0479,Profit Driver
M088,Extra Chicken,CAT04,Protein & Sides,650,11700,8359,23967370.0,7605000,16362370.0,4.304,0.52,0.385,0.6827,0.0488,Profit Driver
M089,Extra Fish,CAT04,Protein & Sides,580,9152,6749,19288275.0,5308160,13980115.0,3.462,0.53,0.389,0.7248,0.0299,Profit Driver
M090,Coleslaw,CAT04,Protein & Sides,350,18613,12901,17603095.0,6514550,11088545.0,3.767,0.5,0.395,0.6299,0.0399,Profit Driver
M091,Boiled Yam & Egg Sauce,CAT04,Protein & Sides,820,21648,14755,50220460.0,17751360,32469100.0,3.97,0.48,0.388,0.6465,0.0531,Profit Driver
M092,Fried Yam & Pepper Sauce,CAT04,Protein & Sides,860,5406,4041,14502050.0,4649160,9852890.0,3.833,0.46,0.385,0.6794,0.032,Hidden Opportunity
M093,Akara (5 pcs),CAT04,Protein & Sides,330,23045,15650,21881615.0,7604850,14276765.0,3.845,0.46,0.388,0.6525,0.0448,Profit Driver
M094,Gizdodo,CAT04,Protein & Sides,1030,8702,6368,25061790.0,8963060,16098730.0,4.017,0.54,0.383,0.6424,0.0481,Profit Driver
M095,Ponmo (Cow Skin),CAT04,Protein & Sides,450,13110,9442,16510690.0,5899500,10611190.0,4.141,0.46,0.393,0.6427,0.0525,Profit Driver
M096,Jollof Spaghetti,CAT04,Protein & Sides,750,17567,12301,37803775.0,13175250,24628525.0,3.864,0.54,0.4,0.6515,0.0521,Profit Driver
M097,Ayamase Sauce,CAT05,Stews & Sauces,430,4712,3484,7693235.0,2026160,5667075.0,4.011,0.4,0.387,0.7366,0.0443,Hidden Opportunity
M098,Ata Dindin,CAT05,Stews & Sauces,580,501,374,783780.0,290580,493200.0,3.718,0.48,0.377,0.6293,0.0528,Hidden Opportunity
M099,Turkey Stew,CAT05,Stews & Sauces,820,1851,1379,4885280.0,1517820,3367460.0,4.188,0.69,0.416,0.6893,0.049,Hidden Opportunity
M100,Fish Stew,CAT05,Stews & Sauces,680,518,395,1223000.0,352240,870760.0,4.163,0.3,0.377,0.712,0.0491,Hidden Opportunity
M101,Peppered Snail,CAT05,Stews & Sauces,1530,2920,2200,13046870.0,4467600,8579270.0,3.786,0.57,0.39,0.6576,0.0473,Hidden Opportunity
M102,Egg Sauce,CAT05,Stews & Sauces,530,3055,2315,4883130.0,1619150,3263980.0,4.111,0.46,0.403,0.6684,0.0502,Hidden Opportunity
M103,Small Chops Platter,CAT06,Snacks & Small Chops,1920,4633,3487,28445005.0,8895360,19549645.0,4.053,0.39,0.389,0.6873,0.072,Hidden Opportunity
M104,Puff Puff (10 pcs),CAT06,Snacks & Small Chops,540,6096,4528,10006875.0,3291840,6715035.0,3.825,0.55,0.39,0.671,0.0391,Profit Driver
M105,Spring Rolls (6 pcs),CAT06,Snacks & Small Chops,710,1181,900,2226705.0,838510,1388195.0,3.535,0.47,0.381,0.6234,0.0759,Hidden Opportunity
M106,Samosa (6 pcs),CAT06,Snacks & Small Chops,540,3068,2300,5859150.0,1656720,4202430.0,3.814,0.4,0.376,0.7172,0.0695,Hidden Opportunity
M107,Chin Chin (Bowl),CAT06,Snacks & Small Chops,450,9777,6962,12725090.0,4399650,8325440.0,3.878,0.48,0.39,0.6543,0.0768,Profit Driver
M108,Meat Pie,CAT06,Snacks & Small Chops,530,5369,3999,7493245.0,2845570,4647675.0,3.695,0.52,0.403,0.6202,0.0705,Hidden Opportunity
M109,Scotch Egg,CAT06,Snacks & Small Chops,330,2040,1530,2125300.0,673200,1452100.0,4.101,0.78,0.383,0.6832,0.0579,Hidden Opportunity
M110,Sausage Roll,CAT06,Snacks & Small Chops,420,1664,1253,1750325.0,698880,1051445.0,3.622,0.95,0.374,0.6007,0.0487,Low Performer
M111,Fish Roll,CAT06,Snacks & Small Chops,380,4020,3022,4685250.0,1527600,3157650.0,4.126,0.53,0.391,0.674,0.0654,Hidden Opportunity
M112,Shawarma Chicken,CAT06,Snacks & Small Chops,1230,3708,2693,13637405.0,4560840,9076565.0,3.664,0.32,0.392,0.6656,0.0943,Hidden Opportunity
M113,Goat Meat Pepper Soup - Regular Portion,CAT07,Pepper Soups,1640,3540,2659,14570435.0,5805600,8764835.0,4.245,0.45,0.392,0.6015,0.051,Low Performer
M114,Goat Meat Pepper Soup - Large Portion,CAT07,Pepper Soups,2440,1446,1113,8197705.0,3528240,4669465.0,4.39,0.56,0.401,0.5696,0.0467,Low Performer
M115,Chicken Pepper Soup - Regular Portion,CAT07,Pepper Soups,1310,7467,5474,25396155.0,9781770,15614385.0,4.086,0.59,0.408,0.6148,0.0392,Volume Driver
M116,Chicken Pepper Soup - Large Portion,CAT07,Pepper Soups,1940,5847,4259,27933555.0,11343180,16590375.0,4.006,0.51,0.392,0.5939,0.039,Volume Driver
M117,Assorted Pepper Soup - Regular Portion,CAT07,Pepper Soups,1910,7467,5443,36475980.0,14261970,22214010.0,4.116,0.45,0.396,0.609,0.0465,Volume Driver
M118,Assorted Pepper Soup - Large Portion,CAT07,Pepper Soups,2640,2535,1947,16921475.0,6692400,10229075.0,3.58,0.54,0.406,0.6045,0.0435,Low Performer
M119,Catfish Pepper Soup - Regular Portion,CAT07,Pepper Soups,1720,2293,1722,11640270.0,3943960,7696310.0,3.937,0.63,0.553,0.6612,0.0415,Hidden Opportunity
M120,Catfish Pepper Soup - Large Portion,CAT07,Pepper Soups,3200,3639,2694,25869610.0,11644800,14224810.0,4.157,0.57,0.555,0.5499,0.0476,Low Performer
M121,Akara & Pap,CAT08,Breakfast,630,5468,3555,10354120.0,3444840,6909280.0,4.11,0.45,0.394,0.6673,0.0443,Hidden Opportunity
M122,Yam & Egg,CAT08,Breakfast,770,12485,6694,29311770.0,9613450,19698320.0,3.924,0.51,0.392,0.672,0.0385,Profit Driver
M123,Bread & Egg Sauce,CAT08,Breakfast,790,6932,4343,13134440.0,5476280,7658160.0,3.905,0.62,0.398,0.5831,0.051,Volume Driver
M124,Indomie Special,CAT08,Breakfast,920,39841,12809,93644230.0,36653720,56990510.0,2.714,0.5,0.382,0.6086,0.0447,Volume Driver
M125,Pancakes,CAT08,Breakfast,930,4596,3092,12280845.0,4274280,8006565.0,4.133,0.49,0.399,0.652,0.0426,Hidden Opportunity
M126,Moi Moi & Custard,CAT08,Breakfast,760,19025,8136,40288180.0,14459000,25829180.0,3.768,0.5,0.4,0.6411,0.0313,Profit Driver
M127,Tea & Bread,CAT08,Breakfast,560,5660,3618,9032700.0,3169600,5863100.0,3.368,0.55,0.392,0.6491,0.038,Hidden Opportunity
M128,Oat Porridge,CAT08,Breakfast,630,2319,1618,4425815.0,1460970,2964845.0,4.36,0.53,0.426,0.6699,0.0478,Hidden Opportunity
M129,Ice Cream Sundae,CAT09,Desserts,790,1044,783,2361420.0,824760,1536660.0,3.141,0.31,0.402,0.6507,0.0599,Hidden Opportunity
M130,Fruit Salad,CAT09,Desserts,560,7507,5379,14549745.0,4203920,10345825.0,3.893,0.6,0.399,0.7111,0.1352,Profit Driver
M131,Chocolate Cake Slice,CAT09,Desserts,830,767,584,1954215.0,636610,1317605.0,3.986,0.55,0.387,0.6742,0.0663,Hidden Opportunity
M132,Puff Puff & Ice Cream,CAT09,Desserts,720,3712,2780,8863650.0,2672640,6191010.0,4.18,0.53,0.398,0.6985,0.0958,Hidden Opportunity
M133,Yogurt Parfait,CAT09,Desserts,620,2027,1531,4271500.0,1256740,3014760.0,3.701,0.41,0.396,0.7058,0.13,Hidden Opportunity
M134,Red Velvet Slice,CAT09,Desserts,790,3924,2892,10786375.0,3099960,7686415.0,4.329,0.6,0.389,0.7126,0.0677,Hidden Opportunity
M135,Banana Bread Slice,CAT09,Desserts,510,4268,3177,7254650.0,2176680,5077970.0,4.029,0.49,0.399,0.7,0.1061,Hidden Opportunity
M136,Coke (50cl),CAT10,Soft Drinks & Juices,420,18161,9195,14456555.0,7627620,6828935.0,3.809,0.5,0.382,0.4724,0.0144,Volume Driver
M137,Fanta (50cl),CAT10,Soft Drinks & Juices,390,11340,5976,8479470.0,4422600,4056870.0,3.723,0.53,0.398,0.4784,0.0145,Volume Driver
M138,Sprite (50cl),CAT10,Soft Drinks & Juices,410,6328,3383,5020110.0,2594480,2425630.0,3.386,0.56,0.406,0.4832,0.01,Volume Driver
M139,Bottled Water,CAT10,Soft Drinks & Juices,210,29379,14545,13155695.0,6169590,6986105.0,3.867,0.54,0.384,0.531,0.018,Volume Driver
M140,Malt (Maltina),CAT10,Soft Drinks & Juices,490,29642,14570,30424820.0,14524580,15900240.0,4.082,0.48,0.389,0.5226,0.0146,Volume Driver
M141,Fresh Orange Juice,CAT10,Soft Drinks & Juices,1030,31081,14984,60386430.0,32013430,28373000.0,3.991,0.52,0.385,0.4699,0.0167,Volume Driver
M142,Pineapple Smoothie,CAT10,Soft Drinks & Juices,1340,24162,12164,57786715.0,32377080,25409635.0,3.685,0.47,0.386,0.4397,0.0228,Volume Driver
M143,Chapman,CAT10,Soft Drinks & Juices,750,2337,1156,4700960.0,1752750,2948210.0,4.044,23.0,0.426,0.6272,0.0248,Hidden Opportunity
M144,Lemonade,CAT10,Soft Drinks & Juices,840,22310,11414,37852910.0,18740400,19112510.0,3.899,0.56,0.392,0.5049,0.02,Volume Driver
M145,Fresh Watermelon Juice,CAT10,Soft Drinks & Juices,950,41826,19792,79157775.0,39734700,39423075.0,3.843,0.61,0.391,0.498,0.0134,Volume Driver
M146,Zobo,CAT11,Traditional Drinks,340,4378,3285,5506117.5,1488520,4017597.5,3.615,0.38,0.391,0.7297,0.0489,Hidden Opportunity
M147,Kunu,CAT11,Traditional Drinks,300,2955,2244,3094520.0,886500,2208020.0,4.084,0.39,0.386,0.7135,0.0513,Hidden Opportunity
M148,Palm Wine (Fresh),CAT11,Traditional Drinks,510,5501,3931,11797187.5,2805510,8991677.5,3.96,0.48,0.538,0.7622,0.0412,Hidden Opportunity
M149,Tigernut Drink,CAT11,Traditional Drinks,470,1098,847,1760460.0,516060,1244400.0,3.839,0.28,0.362,0.7069,0.0578,Hidden Opportunity
M150,Ginger Shot,CAT11,Traditional Drinks,320,3987,2975,5124960.0,1275840,3849120.0,3.656,0.42,0.394,0.7511,0.0547,Hidden Opportunity
M151,Fura da Nono,CAT11,Traditional Drinks,360,4805,3429,6737260.0,1729800,5007460.0,3.699,0.45,0.376,0.7432,0.062,Hidden Opportunity
M152,Party Pack,CAT12,Specials & Combos,6340,7234,5204,96081790.0,45863560,50218230.0,3.927,0.74,0.376,0.5227,0.0843,Volume Driver
M153,Family Combo,CAT12,Specials & Combos,7430,1298,990,22638060.0,9644140,12993920.0,4.056,0.52,0.39,0.574,0.0855,Low Performer
M154,Lunch Box Combo,CAT12,Specials & Combos,2360,2453,1836,11832190.0,5789080,6043110.0,4.159,0.75,0.375,0.5107,0.0817,Low Performer
M155,Christmas Special Rice,CAT12,Specials & Combos,3140,8991,4053,60452235.0,28231740,32220495.0,3.893,1.13,0.348,0.533,0.0799,Volume Driver
M156,Iftar Pack,CAT12,Specials & Combos,2840,3969,2251,22466337.5,11271960,11194377.5,3.64,5.21,0.416,0.4983,0.0514,Low Performer
M157,Weekend Brunch Combo,CAT12,Specials & Combos,2480,1904,1374,14745470.0,4721920,10023550.0,3.759,1.24,0.927,0.6798,0.0858,Hidden Opportunity
M158,Couples Combo,CAT12,Specials & Combos,4880,1647,1229,16761670.0,8037360,8724310.0,4.47,0.64,0.4,0.5205,0.0798,Low Performer
M159,Office Lunch Combo,CAT12,Specials & Combos,2640,1673,1250,9243080.0,4416720,4826360.0,3.974,0.46,0.368,0.5222,0.0805,Low Performer
M160,Kids Meal,CAT12,Specials & Combos,1600,2731,2083,9326460.0,4369600,4956860.0,4.151,0.65,0.359,0.5315,0.0815,Low Performer
M161,Breakfast Combo,CAT12,Specials & Combos,2030,1802,1358,8114020.0,3658060,4455960.0,3.737,0.54,0.387,0.5492,0.0744,Low Performer
